Αἰακίδαο	*ai)aki/dhs	none-found	n-s---mg-
Αἰαίη	*ai)ai/h	none-found	n-s---fn-
Αἰαίη	*ai)ai/h	none-found	n-s---fv-
Αἰαίην	*ai)ai/h	none-found	n-s---fa-
Αἰαίης	*ai)ai/h	none-found	n-s---fg-
Αἰγυπτίη	ai)gupti/a	none-found	n-s---fn-
Αἰγυπτίη	ai)gupti/a	none-found	n-s---fv-
Αἰγυπτίῃς	ai)gupti/a	none-found	n-p---fd-
Αἰγάς	*ai)gai/	none-found	n-p---fa-
Αἰγίσθοιο	*ai)/gisqos	none-found	n-s---mg-
Αἰγίσθου	*ai)/gisqos	none-found	n-s---mg-
Αἰολίδαο	*ai)oli/dhs	none-found	n-s---mg-
Αἰολίην	*ai)o/lios	none-found	a-s---fa-
Αἰολίην	*ai)oli/h	none-found	n-s---fa-
Αἰτωλός	*ai)twlo/s	none-found	a-s---mn-
Αἰήταο	*ai)h/ths	none-found	n-s---mg-
Αἴγισθον	*ai)/gisqos	none-found	n-s---ma-
Αἴγισθος	*ai)/gisqos	none-found	n-s---mn-
Αἴσονά	*ai)/swn	none-found	n-s---ma-
Αὐτολύκοιο	*au)to/lukos	none-found	n-s---mg-
Αὐτολύκου	*au)to/lukos	none-found	n-s---mg-
Αὐτονόην	*au)tono/h	none-found	n-s---fa-
Αὐτόλυκον	*au)to/lukos	none-found	n-s---ma-
Αὐτόλυκος	*au)to/lukos	none-found	n-s---mn-
Αὐτόλυκόν	*au)to/lukos	none-found	n-s---ma-
Αὐτόλυκός	*au)to/lukos	none-found	n-s---mn-
Αὐτόλυκ’	*au)to/lukos	none-found	n-s---mv-
Βοηθοΐδη	*bohqoi/+dhs	none-found	n-s---mv-
Βοηθοΐδης	*bohqoi/+dhs	none-found	n-s---mn-
Βορέαο	*bore/hs	none-found	n-s---mg-
Βορέην	*bore/hs	none-found	n-s---ma-
Βορέης	*bore/hs	none-found	n-s---mn-
Βορέω	*bore/hs	none-found	n-s---mg-
Βορέῃ	*bore/hs	none-found	n-s---md-
Γεραιστόν	*geraisto/s	none-found	n-s---ma-
Γυραίην	*gurai/	none-found	a-s---fa-
Γυρῇσίν	*gurai/	none-found	n-p---fd-
Γόρτυνος	*go/rtus	none-found	n-s---mg-
Δαμαστορίδην	*damastori/dhs	none-found	n-s---ma-
Δαμαστορίδης	*damastori/dhs	none-found	n-s---mn-
Δαναοί	*danao/s	none-found	n-p---mn-
Δαναοί	*danao/s	none-found	n-p---mv-
Δαναοῖσι	*danao/s	none-found	n-p---md-
Δαναοῖσιν	*danao/s	none-found	n-p---md-
Δαναῶν	*danao/s	none-found	n-p---mg-
Δευκαλίων	*deukali/wn	none-found	n-s---mn-
Δευκαλίων	*deukali/wn	none-found	n-s---mv-
Δευκαλίωνος	*deukali/wn	none-found	n-s---mg-
Δημοδόκου	*dhmo/dokos	none-found	n-s---mg-
Δημοδόκῳ	*dhmo/dokos	none-found	n-s---md-
Δημοπτόλεμον	*dhmopto/lemos	none-found	n-s---ma-
Δημοπτόλεμός	*dhmopto/lemos	none-found	n-s---mn-
Δημόδοκον	*dhmo/dokos	none-found	n-s---ma-
Δημόδοκος	*dhmo/dokos	none-found	n-s---mn-
Δημόδοκ’	*dhmo/dokos	none-found	n-s---mv-
Διοκλῆος	*diokle/hs	none-found	n-s---mg-
Διοκλῆος	*dioklh=s	none-found	n-s---mg-
Διωνύσοιο	*dio/nusos-pl	none-found	n-s---mg-
Δμήτορι	*dmh/twr	none-found	n-s---md-
Δουλιχιεύς	*doulixieu/s	none-found	n-s---mn-
Δουλιχιῆα	*doulixieu/s	none-found	n-s---ma-
Δουλιχιῆος	*doulixieu/s	none-found	n-s---mg-
Δουλιχίοιο	*douli/xios	none-found	n-s---mg-
Δουλιχίου	*douli/xios	none-found	n-s---mg-
Δουλιχίῳ	*douli/xios	none-found	n-s---md-
Δουλίχιον	*douli/xios	none-found	n-s---ma-
Δουλίχιόν	*douli/xios	none-found	n-s---ma-
Δουλίχιόνδ’	*douli/xios-pl	none-found	d--------
Δία	*di/h	none-found	n-s---fn-
Δία	*di/h	none-found	n-s---fv-
Δίῃ	*di/h	none-found	n-s---fd-
Δύμαντος	*du/mas	none-found	n-s---mg-
Εἰδοθέη	*ei)doqe/h	none-found	n-s---fn-
Εἰδοθέη	*ei)doqe/h	none-found	n-s---fv-
Εὐηνορίδην	*eu)hnori/dhs	none-found	n-s---ma-
Εὐηνορίδης	*eu)hnori/dhs	none-found	n-s---mn-
Εὐρυβάτης	*eu)ruba/ths	none-found	n-s---mn-
Εὐρυδάμαντα	*eu)ruda/mas	none-found	n-s---ma-
Εὐρυδάμαντι	*eu)ruda/mas	none-found	n-s---md-
Εὐρυδίκη	*eu)rudi/kh	none-found	n-s---fn-
Εὐρυδίκη	*eu)rudi/kh	none-found	n-s---fv-
Εὐρυλόχοιο	*eu)ru/loxos	none-found	n-s---mg-
Εὐρυμάχου	*eu)ru/maxos	none-found	n-s---mg-
Εὐρυμάχῳ	*eu)ru/maxos	none-found	n-s---md-
Εὐρυμέδουσα	*eu)rume/dousa	none-found	n-s---fn-
Εὐρυμέδουσα	*eu)rume/dousa	none-found	n-s---fv-
Εὐρυμίδης	*eu)rumi/dhs	none-found	n-s---mn-
Εὐρυνόμη	*eu)runo/mh	none-found	n-s---fn-
Εὐρυνόμη	*eu)runo/mh	none-found	n-s---fv-
Εὐρυνόμην	*eu)runo/mh	none-found	n-s---fa-
Εὐρυτίδην	*eu)ruti/dhs	none-found	n-s---ma-
Εὐρυτίδης	*eu)ruti/dhs	none-found	n-s---mn-
Εὐρυτίωνα	*eu)ruti/wn	none-found	n-s---ma-
Εὐρυάδην	*eu)rua/dhs	none-found	n-s---ma-
Εὐρύκλεια	*eu)ru/kleia	none-found	n-s---fn-
Εὐρύκλεια	*eu)ru/kleia	none-found	n-s---fv-
Εὐρύκλειαν	*eu)ru/kleia	none-found	n-s---fa-
Εὐρύκλει’	*eu)ru/kleia	none-found	n-s---fn-
Εὐρύκλει’	*eu)ru/kleia	none-found	n-s---fv-
Εὐρύλοχος	*eu)ru/loxos	none-found	n-s---mn-
Εὐρύλοχός	*eu)ru/loxos	none-found	n-s---mn-
Εὐρύλοχ’	*eu)ru/loxos	none-found	n-s---mv-
Εὐρύμαχον	*eu)ru/maxos	none-found	n-s---ma-
Εὐρύμαχος	*eu)ru/maxos	none-found	n-s---mn-
Εὐρύμαχ’	*eu)ru/maxos	none-found	n-s---mv-
Εὐρύνομος	*eu)ru/nomos	none-found	n-s---mn-
Εὐρύνομός	*eu)ru/nomos	none-found	n-s---mn-
Εὐρύπυλον	*eu)ru/pulos	none-found	n-s---ma-
Εὔμαιε	*eu)/maios	none-found	n-s---mv-
Εὔμαιον	*eu)/maios	none-found	n-s---ma-
Εὔμαιος	*eu)/maios	none-found	n-s---mn-
Εὔμαι’	*eu)/maios	none-found	n-s---mv-
Ζακύνθου	*za/kunqos	none-found	n-s---fg-
Ζακύνθῳ	*za/kunqos	none-found	n-s---fd-
Ζάκυνθος	*za/kunqos	none-found	n-s---fn-
Ζήθοιο	*zh=qos	none-found	n-s---mg-
Ζῆθόν	*zh=qos	none-found	n-s---ma-
Θεοκλύμενον	*qeoklu/menos	none-found	n-s---ma-
Θεοκλύμενος	*qeoklu/menos	none-found	n-s---mn-
Θεσπρωτούς	*qesprwtoi/	none-found	n-p---ma-
Θεσπρωτῶν	*qesprwtoi/	none-found	n-p---mg-
Θηβαίου	*qhbai=os	none-found	a-s---mg-
Θηβαίου	*qhbai=os	none-found	a-s---ng-
Θρινακίην	*qrina/kios	none-found	a-s---fa-
Θρινακίης	*qrina/kios	none-found	a-s---fg-
Θρινακίῃ	*qrina/kios	none-found	a-s---fd-
Θρῄκηνδε	*qrh/|khnde	none-found	d--------
Θυεστιάδης	*questia/dhs	none-found	n-s---mn-
Θήβην	*qh/bh	none-found	n-s---fa-
Θήβης	*qh/bh	none-found	n-s---fg-
Θήβῃ	*qh/bh	none-found	n-s---fd-
Θόας	*qo/h	none-found	n-s---fg-
Θόων	*qo/wn	none-found	n-s---mn-
Θόων	*qo/wn	none-found	n-s---mv-
Θόων	qa/zw	none-found	v-sfpamv-
Θόων	qa/zw	none-found	v-sfpann-
Θόων	qa/zw	none-found	v-sfpanv-
Θόων	qa/zw	none-found	v-sfpana-
Θόων	qa/zw	none-found	v-sfpamn-
Θόωσα	qa/zw	none-found	v-sfpafn-
Θόωσα	qa/zw	none-found	v-sfpafv-
Θῶνος	*qw=n	none-found	n-s---mg-
Θῶνος	*qw=nos	none-found	n-s----g-
Καδμείων	*kadmei=os	none-found	a-p---fg-
Καδμείων	*kadmei=os	none-found	a-p---mg-
Καδμείων	*kadmei=os	none-found	a-p---ng-
Καδμείων	*kadmei=os	none-found	a-p---fg-
Καδμείων	*kadmei=os	none-found	a-p---mg-
Καδμείων	*kadmei=os	none-found	a-p---ng-
Καδμείων	*kadmei=os	none-found	n-s---mn-
Καδμείων	*kadmei=os	none-found	n-s---mv-
Καδμείων	*kadmei=os	none-found	n-s---fn-
Καδμείων	*kadmei=os	none-found	n-s---fv-
Κασσάνδρης	*kassa/ndrh	none-found	n-s---fg-
Καύκωνας	*kau/kwn	none-found	n-p---ma-
Καύκωνας	*kau/kwnes	none-found	n-p---ma-
Κενταύροισι	*ke/ntauros-pl	none-found	n-p---md-
Κεφαλλήνεσσιν	*kefallh=nes	none-found	n-p----d-
Κεφαλλήνων	*kefallh=nes	none-found	n-p----g-
Κικόνεσσι	*ki/kones	none-found	n-p---md-
Κικόνων	*ki/kones	none-found	n-p---mg-
Κιμμερίων	*kimme/rios	none-found	a-p---fg-
Κιμμερίων	*kimme/rios	none-found	a-p---mg-
Κιμμερίων	*kimme/rios	none-found	a-p---ng-
Κιμμερίων	*kimmeriko/s	none-found	a-p---fg-
Κιμμερίων	*kimmeriko/s	none-found	a-p---mg-
Κιμμερίων	*kimmeriko/s	none-found	a-p---ng-
Κλυμένην	*klume/nh	none-found	n-s---fa-
Κλυταιμνήστρη	*klutaimnh/stra	none-found	n-s---fn-
Κλυταιμνήστρη	*klutaimnh/stra	none-found	n-s---fv-
Κλυταιμνήστρη	*klutaimnh/strh	none-found	n-s---fn-
Κλυταιμνήστρη	*klutaimnh/strh	none-found	n-s---fv-
Κλυτίδη	*kluti/dhs	none-found	n-s---mv-
Κλυτίοιο	*klu/tios	none-found	n-s---mg-
Κλυτίοιο	*kluti/os	none-found	n-s---mg-
Κλυτόνηος	*kluto/nhos	none-found	n-s---mn-
Κνωσός	*knwsso/s	none-found	n-s---fn-
Κρηθῆι	*krhqeu/s	none-found	n-s---md-
Κρηθῆος	*krhqeu/s	none-found	n-s---mg-
Κρουνούς	*krounoi/	none-found	n-p---fa-
Κρήτηνδε	*krh/thnde	none-found	d--------
Κτιμένῃ	*ktime/nh	none-found	n-s---fd-
Κτιμένῃ	kti/menos	none-found	a-s---fd-
Κυθήρων	*ku/qhros	none-found	n-p---mg-
Κήτειοι	*kh/teioi	none-found	n-p---mn-
Κήτειοι	*kh/teioi	none-found	n-p---mv-
Κίκονας	*ki/kones	none-found	n-p---ma-
Κίκονες	*ki/kones	none-found	n-p---mn-
Κίκονες	*ki/kones	none-found	n-p---mv-
Κύδωνες	*ku/dwn	none-found	n-p---mn-
Κύδωνες	*ku/dwn	none-found	n-p---mv-
Κύδωνες	*ku/dwnes	none-found	n-p---mn-
Κύδωνες	*ku/dwnes	none-found	n-p---mv-
Λαερτιάδεω	*laertia/dhs	none-found	n-s---mg-
Λαερτιάδη	*laertia/dhs	none-found	n-s---mv-
Λαερτιάδην	*laertia/dhs	none-found	n-s---ma-
Λαερτιάδης	*laertia/dhs	none-found	n-s---mn-
Λαιστρυγονίην	*laistrugoni/h	none-found	n-s---fa-
Λαιστρυγόνες	*laistrugw/n	none-found	n-p---mn-
Λαιστρυγόνες	*laistrugw/n	none-found	n-p---mv-
Λαιστρυγόνος	*laistrugw/n	none-found	n-s---mg-
Λαμπετίη	*lampeti/h	none-found	n-s---fn-
Λαμπετίη	*lampeti/h	none-found	n-s---fv-
Λαπίθας	*lapi/qai	none-found	n-p---ma-
Λαπίθας	*lapi/qhs	none-found	n-p---ma-
Λαπίθας	*lapi/qhs	none-found	n-s---mn-
Λαέρκεα	*lae/rkhs	none-found	n-s---ma-
Λειώδης	*lhw/dhs	none-found	n-s---mn-
Λειώκριτον	*lho/kritos-pl	none-found	n-s---ma-
Λειώκριτος	*lho/kritos-pl	none-found	n-s---mn-
Λήδην	*lh/dh	none-found	n-s---fa-
Μαλειάων	*ma/leia	none-found	n-p---fg-
Μαλειῶν	*ma/leia	none-found	n-p---fg-
Μαστορίδης	*mastori/dhs	none-found	n-s---mn-
Μεγαπένθε’	*megape/nqhs	none-found	n-s---ma-
Μεγαπένθε’	*megape/nqhs	none-found	n-d---mn-
Μεγαπένθε’	*megape/nqhs	none-found	n-d---mv-
Μεγαπένθε’	*megape/nqhs	none-found	n-d---ma-
Μεγαπένθε’	*megape/nqhs	none-found	n-s---md-
Μεγαπένθε’	*megape/nqhs	none-found	n-s---md-
Μεγαπένθε’	*megape/nqhs	none-found	n-d---mn-
Μεγαπένθε’	*megape/nqhs	none-found	n-d---mv-
Μεγαπένθε’	*megape/nqhs	none-found	n-d---ma-
Μεγαπένθης	*megape/nqhs	none-found	n-p---ma-
Μεγαπένθης	*megape/nqhs	none-found	n-p---mn-
Μεγαπένθης	*megape/nqhs	none-found	n-p---mv-
Μεγαπένθης	*megape/nqhs	none-found	n-s---mn-
Μεγάρην	*mega/rh	none-found	n-s---fa-
Μελανθεύς	*melanqeu/s	none-found	n-s---mn-
Μελανθεῦ	*melanqeu/s	none-found	n-s---mv-
Μελανθώ	*melanqw/	none-found	n-s---fn-
Μελανῆος	*melaneu/s	none-found	n-s---mg-
Μελάνθιε	*mela/nqios	none-found	n-s---mv-
Μελάνθιον	*mela/nqios	none-found	n-s---ma-
Μελάνθιος	*mela/nqios	none-found	n-s---mn-
Μενοιτιάδαο	*menoitia/dhs	none-found	n-s---mg-
Μερμερίδαο	*mermeri/dhs	none-found	n-s---mg-
Μεσσήνιοι	*messh/nioi	none-found	n-p---mn-
Μεσσήνιοι	*messh/nioi	none-found	n-p---mv-
Μεσσήνιοι	*messh/nios	none-found	a-p---mn-
Μεσσήνιοι	*messh/nios	none-found	a-p---mv-
Μεσσήνῃ	*messh/nh	none-found	n-s---fd-
Μινυείῳ	*minu/eios	none-found	a-s---md-
Μινυείῳ	*minu/eios	none-found	a-s---nd-
Μούλιος	*mou/lios	none-found	n-s---mn-
Μοῦσα	*mou=sai	none-found	n-s---fn-
Μοῦσα	*mou=sai	none-found	n-s---fv-
Μοῦσα	*mou=sai	none-found	n-s---fn-
Μοῦσα	*mou=sai	none-found	n-s---fv-
Μοῦσαι	*mou=sai	none-found	n-p---fn-
Μοῦσαι	*mou=sai	none-found	n-p---fv-
Μοῦσαι	*mou=sai	none-found	n-p---fn-
Μοῦσαι	*mou=sai	none-found	n-p---fv-
Μυρμιδόνας	*murmidw/n	none-found	n-p---ma-
Μυρμιδόνεσσιν	*murmidw/n	none-found	n-p---md-
Μυρμιδόνων	*murmidw/n	none-found	n-p---mg-
Μάλειαν	*ma/leia	none-found	n-s---fa-
Μάντιον	*ma/ntios	none-found	n-s---ma-
Μάντιος	*ma/ntios	none-found	n-s---mn-
Μέδοντα	*me/dwn	none-found	n-s---ma-
Μέδοντα	me/dwn	none-found	n-s---ma-
Μέδων	*me/dwn	none-found	n-s---mn-
Μέδων	me/dwn	none-found	n-s---mn-
Μέντης	*me/nths	none-found	n-s---mn-
Μέντορ	*me/ntwr	none-found	n-s---mv-
Μέντορα	*me/ntwr	none-found	n-s---ma-
Μέντορι	*me/ntwr	none-found	n-s---md-
Μέντωρ	*me/ntwr	none-found	n-s---mn-
Μέντῃ	*me/nths	none-found	n-s---md-
Ναυβολίδης	*nauboli/dhs	none-found	n-s---mn-
Ναυσιθόου	*nausi/qoos	none-found	n-s---mg-
Ναυσικάα	*nausika/a	none-found	n-s---fn-
Ναυσικάα	*nausika/a	none-found	n-s---fv-
Ναυσικάαν	*nausika/a	none-found	n-s---fa-
Ναυσικάᾳ	*nausika/a	none-found	n-s---fd-
Ναυσίθοον	*nausi/qoos	none-found	n-s---ma-
Ναυσίθοος	*nausi/qoos	none-found	n-s---mn-
Ναυτεύς	*nauteu/s	none-found	n-s---mn-
Νεστορίδη	*nestori/dhs	none-found	n-s---mv-
Νεστορίδην	*nestori/dhs	none-found	n-s---ma-
Νεστορίδης	*nestori/dhs	none-found	n-s---mn-
Νηληϊάδαο	*nhlhi+a/dhs	none-found	n-s---mg-
Νηληϊάδη	*nhlhi+a/dhs	none-found	n-s---mv-
Νηίῳ	*nh/i+on	none-found	n-s---nd-
Νήρικον	*nh/rikos	none-found	n-s---ma-
Νίσου	*ni=sos	none-found	n-s---mg-
Νῖσον	*ni=sos	none-found	n-s---ma-
Οιχαλιῆι	*oixalieu/s	none-found	n-s---md-
Οὔλυμπόνδ’	*)/olumpo/nde	none-found	d--------
Παναχαιοί	*panaxaio/s	none-found	a-p---mn-
Παναχαιοί	*panaxaio/s	none-found	a-p---mv-
Πανδαρέου	*pa/ndaros	none-found	a-s---mg-
Πανδαρέου	*pa/ndaros	none-found	a-s---ng-
Πανοπῆος	*panopeu/s	none-found	n-s---mg-
Πατροκλῆος	*pa/troklos-pl	none-found	n-s---mg-
Πατρόκλοιο	*patro/klon	none-found	n-s---ng-
Πειριθόοιο	*peiri/qoos	none-found	n-s---mg-
Πειριθόοιο	*peiri/qoos	none-found	n-s---mg-
Πειρίθοόν	*peiri/qoos	none-found	n-s---ma-
Πειρίθοόν	*peiri/qoos	none-found	n-s---ma-
Πεισηνορίδαο	*peishnori/dhs	none-found	n-s---mg-
Πεισάνδροιο	*pei/sandros	none-found	n-s---mg-
Πεισήνωρ	*peish/nwr	none-found	n-s---mn-
Πεισίστρατε	*peisi/stratos	none-found	n-s---mv-
Πεισίστρατον	*peisi/stratos	none-found	n-s---ma-
Πεισίστρατος	*peisi/stratos	none-found	n-s---mn-
Πελίην	*peli/hs	none-found	n-s---ma-
Πελίης	*peli/hs	none-found	n-s---mn-
Περικλύμενόν	*periklu/menos	none-found	n-s---ma-
Περιμήδης	*perimh/dhs	none-found	n-s---mn-
Περίβοια	*peri/boia	none-found	n-s---fn-
Περίβοια	*peri/boia	none-found	n-s---fv-
Πείραιε	*pei/raios	none-found	n-s---mv-
Πείραιον	*pei/raios	none-found	n-s---ma-
Πείραιος	*pei/raios	none-found	n-s---mn-
Πείραι’	*pei/raios	none-found	n-s---mv-
Πείσανδρον	*pei/sandros	none-found	n-s---ma-
Πείσανδρός	*pei/sandros	none-found	n-s---mn-
Πηλεΐδαο	*phlei/dhs	none-found	n-s---mg-
Πηλεΐδεω	*phlei/dhs	none-found	n-s---mg-
Πηληϊάδαο	*phlhi+a/dhs	none-found	n-s---mg-
Πηληϊάδεω	*phlhi+a/dhs	none-found	n-s---mg-
Πηνελοπείης	*phnelo/ph	none-found	n-s---fg-
Πηνελοπείῃ	*phnelo/ph	none-found	n-s---fd-
Πηνελόπεια	*phnelo/ph	none-found	n-s---fn-
Πηνελόπεια	*phnelo/ph	none-found	n-s---fv-
Πηνελόπειαν	*phnelo/ph	none-found	n-s---fa-
Πηρώ	*phrw/	none-found	n-s---fn-
Πλαγκτάς	*plagktai/	none-found	n-p---fa-
Πληιάδας	plhia/des	none-found	n-p---fa-
Ποιάντιον	*poia/ntios	none-found	n-s---ma-
Πολυθερσεΐδη	*poluqersei/+dhs	none-found	n-s---mv-
Πολυκτορίδαο	*poluktori/dhs	none-found	n-s---mg-
Πολυκτορίδης	*poluktori/dhs	none-found	n-s---mn-
Πολυκάστη	*poluka/sth	none-found	n-s---fn-
Πολυκάστη	*poluka/sth	none-found	n-s---fv-
Πολυνήου	*polu/nhos	none-found	n-s---mg-
Πολυπημονίδαο	*poluphmoni/dhs	none-found	n-s---mg-
Πολύβοιο	*po/lubos	none-found	n-s---mg-
Πολύβου	*po/lubos	none-found	n-s---mg-
Πολύδαμνα	*polu/damna	none-found	n-s---fn-
Πολύδαμνα	*polu/damna	none-found	n-s---fv-
Πολύκτωρ	*polu/ktwr	none-found	n-s---mn-
Ποντεύς	*ponteu/s	none-found	n-s---mn-
Ποντόνοε	*ponto/noos	none-found	n-s---mv-
Ποντόνοος	*ponto/noos	none-found	n-s---mn-
Ποσείδαον	*poseidw=n-pl	none-found	n-s---mv-
Ποσιδήιον	*posidh/ion	none-found	n-s---nn-
Ποσιδήιον	*posidh/ion	none-found	n-s---nv-
Ποσιδήιον	*posidh/ion	none-found	n-s---na-
Πρυμνεύς	*prumneu/s	none-found	n-s---mn-
Πρωρεύς	*prwreu/s	none-found	n-s---mn-
Πρωρεύς	prwreu/s	none-found	n-s---mn-
Πυλίοισι	*pu/lioi	none-found	n-p---md-
Πυλίοισι	*pu/lios	none-found	a-p---md-
Πυλίοισι	*pu/lios	none-found	a-p---nd-
Πυλίοισι	*pu/lios	none-found	n-p---md-
Πυλίοισιν	*pu/lioi	none-found	n-p---md-
Πυλίοισιν	*pu/lios	none-found	a-p---md-
Πυλίοισιν	*pu/lios	none-found	a-p---nd-
Πυλίοισιν	*pu/lios	none-found	n-p---md-
Πυλίων	*pu/lioi	none-found	n-p---mg-
Πυλίων	*pu/lios	none-found	a-p---fg-
Πυλίων	*pu/lios	none-found	a-p---mg-
Πυλίων	*pu/lios	none-found	a-p---ng-
Πυλίων	*pu/lios	none-found	n-p---mg-
Πάτροκλόν	*patro/klon	none-found	n-s---nn-
Πάτροκλόν	*patro/klon	none-found	n-s---nv-
Πάτροκλόν	*patro/klon	none-found	n-s---na-
Πόλυβον	*po/lubos	none-found	n-s---ma-
Πόλυβος	*po/lubos	none-found	n-s---mn-
Πόλυβός	*po/lubos	none-found	n-s---mn-
Πύλου	*pu/lhs	none-found	n-s---mg-
Σαλμωνῆος	*salmwneu/s	none-found	n-s---mg-
Σιδονίην	*sido/nios	none-found	a-s---fa-
Σιδονίην	*sidw/nios	none-found	a-s---fa-
Σιδονίους	*sido/nios	none-found	a-p---ma-
Σιδονίους	*sidw/nios	none-found	a-p---ma-
Σιδονίων	*sido/nios	none-found	a-p---fg-
Σιδονίων	*sido/nios	none-found	a-p---mg-
Σιδονίων	*sido/nios	none-found	a-p---ng-
Σιδονίων	*sidw/nios	none-found	a-p---fg-
Σιδονίων	*sidw/nios	none-found	a-p---mg-
Σιδονίων	*sidw/nios	none-found	a-p---ng-
Σικελούς	*sikeloi/	none-found	n-p---ma-
Σκύρου	*sku/ras	none-found	n-s---mg-
Σολύμων	*so/lumoi	none-found	n-p---mg-
Σπάρτηθεν	*spa/rthqen	none-found	d--------
Σπάρτηνδε	*spa/rthnde	none-found	d--------
Σάμη	*sa/mh	none-found	n-s---fn-
Σάμη	*sa/mh	none-found	n-s---fv-
Σάμηνδ’	*sa/mh	none-found	d--------
Σάμης	*sa/mh	none-found	n-s---fg-
Σάμῃ	*sa/mh	none-found	n-s---fd-
Ταφίοισι	*ta/fioi	none-found	n-p---md-
Ταφίοισιν	*ta/fioi	none-found	n-p---md-
Ταφίων	*ta/fioi	none-found	n-p---mg-
Τειρεσίαο	*teiresi/as	none-found	n-s---mg-
Τειρεσίη	*teiresi/as	none-found	n-s---mv-
Τειρεσίῃ	*teiresi/as	none-found	n-s---md-
Τεκτονίδαο	*tektoni/dhs	none-found	n-s---mg-
Τελαμωνιάδαο	*telamwnia/dhs	none-found	n-s---mg-
Τερπιάδης	*terpia/dhs	none-found	n-s---mn-
Τηλεφίδην	*thlefi/dhs	none-found	n-s---ma-
Τηΰγετον	*tau/geton-pl	none-found	n-s---ma-
Τηΰγετον	*tau/geton-pl	none-found	n-s---nn-
Τηΰγετον	*tau/geton-pl	none-found	n-s---nv-
Τηΰγετον	*tau/geton-pl	none-found	n-s---na-
Τροίηθεν	*troi/aqen	none-found	d--------
Τροίηνδε	*troi/ande	none-found	d--------
Τυδεΐδεω	*tudei/+dhs	none-found	n-s---mg-
Τυδεΐδης	*tudei/+dhs	none-found	n-s---mn-
Τυνδαρέου	*tunda/rews	none-found	a-s---mg-
Τυνδαρέου	*tunda/rews	none-found	a-s---ng-
Τυνδαρέου	*tunda/rews	none-found	n-s---mg-
Τυνδαρέου	*tunda/rews	none-found	n-s---fg-
Τυνδαρέου	*tunda/rews	none-found	n-s---ng-
Τυνδαρέου	*tunda/rews	none-found	n-s---mg-
Τυνδαρέῳ	*tunda/rews	none-found	a-s---md-
Τυνδαρέῳ	*tunda/rews	none-found	a-s---nd-
Τυνδαρέῳ	*tunda/rews	none-found	n-s---md-
Τυνδαρέῳ	*tunda/rews	none-found	n-s---fd-
Τυνδαρέῳ	*tunda/rews	none-found	n-s---nd-
Τυνδαρέῳ	*tunda/rews	none-found	n-s---md-
Τυρώ	*turw/	none-found	n-s---fn-
Τάφιοι	*ta/fioi	none-found	n-p---mn-
Τάφιοι	*ta/fioi	none-found	n-p---mv-
Τήλεμος	*th/lemos	none-found	n-s---mn-
Φαιστόν	*faisto/s	none-found	n-s---ma-
Φαέθονθ’	*fae/qwn	none-found	n-s---ma-
Φαέθονθ’	*fae/qwn	none-found	n-s---md-
Φαέθουσά	*fae/qousa	none-found	n-s---fn-
Φαέθουσά	*fae/qousa	none-found	n-s---fv-
Φαίδρην	*fai/drh	none-found	n-s---fa-
Φαίδρην	*fai=dras	none-found	n-s---ma-
Φερῇς	*ferai/	none-found	n-p---fd-
Φεάς	*feai/	none-found	n-p---fa-
Φηράς	*fhrai/	none-found	n-p---fa-
Φιλοκτήτην	*filokth/ths	none-found	n-s---ma-
Φιλοκτήτης	*filokth/ths	none-found	n-s---mn-
Φιλομηλεΐδῃ	*filomhlei/+dhs	none-found	n-s---md-
Φιλοίτιε	*filoi/tios	none-found	n-s---mv-
Φιλοίτιος	*filoi/tios	none-found	n-s---mn-
Φρονίοιο	*fro/nios	none-found	n-s---mg-
Φυλώ	*fulw/	none-found	n-s---fn-
Φέρητ’	*fe/rhs	none-found	n-s---ma-
Φέρητ’	*fe/rhs	none-found	n-s---md-
Φέρητ’	*fe/rhs	none-found	n-d---mn-
Φέρητ’	*fe/rhs	none-found	n-d---mv-
Φέρητ’	*fe/rhs	none-found	n-d---ma-
Ψυρίης	*yuri/h	none-found	n-s---fg-
Ψυρίης	yuri/h	none-found	n-s---fg-
αἰνίζομ’	ai)ni/zw	none-found	v1spie---
αὐχμεῖς	au)xma/w	none-found	v2spia---
βεβολημένος	bebo/lhmai	none-found	v-srpemn-
βοείας	boei/h	none-found	n-p---fa-
βοείας	boei/h	none-found	n-s---fg-
βοείην	boei/h	none-found	n-s---fa-
βουλυτόνδε	bouluto/nde	none-found	d--------
βοέην	boe/h	none-found	n-s---fa-
βοέην	boei/h	none-found	n-s---fa-
βοέῃ	boe/h	none-found	n-s---fd-
βοέῃ	boei/h	none-found	n-s---fd-
βοῆς	boei/h	none-found	n-s---fg-
βροτέῃ	bro/teos	none-found	a-s---fd-
βῆ	bh=	none-found	d--------
γεγώνευν	gegwne/w	none-found	v3piia---
γεγώνευν	gegwne/w	none-found	v1siia---
γραίης	grai/h	none-found	n-s---fg-
γραίης	grai=os	none-found	a-s---fg-
γυναίων	gu/naion	none-found	n-p---ng-
γήρας	ghra/w	none-found	v2spia---
γήρας	ghra/w	none-found	v2siia---
δηριόωντο	dhria/w	none-found	v3piie---
δινηθῆναι	dine/w	none-found	v--anp---
δινέομεν	dine/w	none-found	v1ppia---
δινέομεν	dine/w	none-found	v1piia---
διέπτατο	diape/tamai	none-found	v3saim---
δμωαί	dmwh/	none-found	n-p---fn-
δμωαί	dmwh/	none-found	n-p---fv-
δμῳαί	dmwh/	none-found	n-p---fn-
δμῳαί	dmwh/	none-found	n-p---fv-
δμῳάς	dmwh/	none-found	n-p---fa-
δμῳάων	dmwh/	none-found	n-p---fg-
δμῳῇσι	dmwh/	none-found	n-p---fd-
δμῳῇσιν	dmwh/	none-found	n-p---fd-
δμῳῶν	dmwh/	none-found	n-p---fg-
δοκοῖσι	doko/n	none-found	n-p---nd-
δοκοῖσιν	doko/n	none-found	n-p---nd-
δοάσσατο	doa/zw	none-found	v3saim---
δούλης	dou/lh	none-found	n-s---fg-
δήνεα	dh=nos	none-found	n-p---nn-
δήνεα	dh=nos	none-found	n-p---nv-
δήνεα	dh=nos	none-found	n-p---na-
δίνεον	dine/w	none-found	v3piia---
δίνεον	dine/w	none-found	v1siia---
εἰσιδέειν	ei)s-i)de/w	none-found	v--pna---
εἴρεαι	ei)re/a	none-found	n-p---fn-
εἴρεαι	ei)re/a	none-found	n-p---fv-
ζωάγρι’	zwa/grios	none-found	a-p---nn-
ζωάγρι’	zwa/grios	none-found	a-p---nv-
ζωάγρι’	zwa/grios	none-found	a-p---na-
ζωάγρι’	zwa/grios	none-found	a-s---mv-
ζωάγρι’	zwa/grios	none-found	a-p---fn-
ζωάγρι’	zwa/grios	none-found	a-p---fv-
ζωή	zwh/	none-found	n-s---fn-
ζωή	zwh/	none-found	n-s---fv-
ζωήν	zwh/	none-found	n-s---fa-
θανέειν	qnh/skw	none-found	v--ana---
θανέεσθαι	qnh/skw	none-found	v--fnm---
θανόντα	qnh/skw	none-found	v-papann-
θανόντα	qnh/skw	none-found	v-papanv-
θανόντα	qnh/skw	none-found	v-papana-
θανόντα	qnh/skw	none-found	v-sapama-
θανόντι	qnh/skw	none-found	v-sapamd-
θανόντι	qnh/skw	none-found	v-sapand-
θανόντος	qnh/skw	none-found	v-sapamg-
θανόντος	qnh/skw	none-found	v-sapang-
θανόντων	qnh/skw	none-found	v-papamg-
θανόντων	qnh/skw	none-found	v-papang-
θανόντων	qnh/skw	none-found	v3pama---
θανών	qnh/skw	none-found	v-sapamn-
θεειοῦται	qeeio/w	none-found	v3spie---
θεειώσω	qeeio/w	none-found	v1sasa---
θεειώσω	qeeio/w	none-found	v1sfia---
θεειώσω	qeeio/w	none-found	v2saim---
θεείου	qeei=os	none-found	a-s---mg-
θεείου	qeei=os	none-found	a-s---ng-
θεείου	qeeio/w	none-found	v2spma---
θεείου	qeeio/w	none-found	v3siia---
θνήσκοντα	qnh/skw	none-found	v-pppann-
θνήσκοντα	qnh/skw	none-found	v-pppanv-
θνήσκοντα	qnh/skw	none-found	v-pppana-
θνήσκοντα	qnh/skw	none-found	v-sppama-
θνῄσκουσ’	qnh/skw	none-found	v-sppafn-
θνῄσκουσ’	qnh/skw	none-found	v-sppafv-
θνῄσκουσ’	qnh/skw	none-found	v-pppamd-
θνῄσκουσ’	qnh/skw	none-found	v-pppand-
θνῄσκουσ’	qnh/skw	none-found	v3ppia---
θνῄσκουσ’	qnh/skw	none-found	v-pppafn-
θνῄσκουσ’	qnh/skw	none-found	v-pppafv-
θάνε	qnh/skw	none-found	v2sama---
θάνε	qnh/skw	none-found	v3saia---
θάνεν	qnh/skw	none-found	v3saia---
θάνες	qnh/skw	none-found	v2saia---
θάνοι	qnh/skw	none-found	v3saoa---
θάνοιεν	qnh/skw	none-found	v3paoa---
θάνον	qnh/skw	none-found	v3paia---
θάνον	qnh/skw	none-found	v1saia---
θάνωμεν	qnh/skw	none-found	v1pasa---
θάνῃσι	qnh/skw	none-found	v3sasa---
θάνῃσιν	qnh/skw	none-found	v3sasa---
θέων	qeon	none-found	n-p---ng-
θύρηφι	qu/rh|fi	none-found	d--------
καθεζομένη	kata/-e(/zomai	none-found	v-sppefn-
καθεζομένη	kata/-e(/zomai	none-found	v-sppefv-
καθεζομένη	kata/-kaqe/zomai	none-found	v-sppmfn-
καθεζομένη	kata/-kaqe/zomai	none-found	v-sppmfv-
καθεζομένω	kata/-e(/zomai	none-found	v-dppemn-
καθεζομένω	kata/-e(/zomai	none-found	v-dppemv-
καθεζομένω	kata/-e(/zomai	none-found	v-dppema-
καθεζομένω	kata/-e(/zomai	none-found	v-dppenn-
καθεζομένω	kata/-e(/zomai	none-found	v-dppenv-
καθεζομένω	kata/-e(/zomai	none-found	v-dppena-
καθεζομένω	kata/-e(/zomai	none-found	v-sppemg-
καθεζομένω	kata/-e(/zomai	none-found	v-sppeng-
καθεζομένω	kata/-kaqe/zomai	none-found	v-dppmmn-
καθεζομένω	kata/-kaqe/zomai	none-found	v-dppmmv-
καθεζομένω	kata/-kaqe/zomai	none-found	v-dppmma-
καθεζομένω	kata/-kaqe/zomai	none-found	v-dppmnn-
καθεζομένω	kata/-kaqe/zomai	none-found	v-dppmnv-
καθεζομένω	kata/-kaqe/zomai	none-found	v-dppmna-
καθεζομένω	kata/-kaqe/zomai	none-found	v-sppmmg-
καθεζομένω	kata/-kaqe/zomai	none-found	v-sppmng-
καθεζόμενος	kata/-e(/zomai	none-found	v-sppemn-
καθεζόμενος	kata/-kaqe/zomai	none-found	v-sppmmn-
καθεζώμεσθα	kata/-e(/zomai	none-found	v1ppse---
καθεζώμεσθα	kata/-kaqe/zomai	none-found	v1ppsm---
καθέζετο	kata/-e(/zomai	none-found	v3saim---
καθέζετο	kata/-e(/zomai	none-found	v3siie---
καθέζετο	kata/-kaqe/zomai	none-found	v3siim---
καθέζετ’	kata/-e(/zomai	none-found	v3saim---
καθέζετ’	kata/-e(/zomai	none-found	v3siie---
καθέζετ’	kata/-e(/zomai	none-found	v3spie---
καθέζετ’	kata/-kaqe/zomai	none-found	v3spim---
καθέζετ’	kata/-kaqe/zomai	none-found	v3siim---
κακῆς	kaka/zw	none-found	v2sfia---
κακῇ	kaka/zw	none-found	v2sfim---
κακῇ	kaka/zw	none-found	v3sfia---
κακῶν	kaka/zw	none-found	v-sfpamv-
κακῶν	kaka/zw	none-found	v-sfpann-
κακῶν	kaka/zw	none-found	v-sfpanv-
κακῶν	kaka/zw	none-found	v-sfpana-
κακῶν	kaka/zw	none-found	v-sfpamn-
κακῶσαι	kaka/zw	none-found	v-pfpafn-
κακῶσαι	kaka/zw	none-found	v-pfpafv-
κακῷ	kaka/zw	none-found	v3sfoa---
καλλιγύναικα	kalligu/naic%	none-found	n-s---ma-
καλλιγύναικα	kalligu/naic%	none-found	n-s---fa-
καλλιρόοιο	kalli/rous	none-found	n-s---mg-
καλλιρόοιο	kalli/rous	none-found	n-s---fg-
καλλιρόοιο	kalli/rous	none-found	n-s---ng-
καλλίροον	kalli/rous	none-found	n-s---ma-
καλλίροον	kalli/rous	none-found	n-s---fa-
καλλίροον	kalli/rous	none-found	n-s---nn-
καλλίροον	kalli/rous	none-found	n-s---nv-
καλλίροον	kalli/rous	none-found	n-s---na-
κατατεθναίη	kataqnh/skw	none-found	v3sroa---
κατατεθνηυίης	kataqnh/skw	none-found	v-srpafg-
κατατεθνηώτων	kataqnh/skw	none-found	v-prpamg-
κατατεθνηώτων	kataqnh/skw	none-found	v-prpang-
κατατεθνηῶτας	kataqnh/skw	none-found	v-prpama-
κατιοῦσαν	kati/zw	none-found	v-sfpafa-
κατέχων	kataxw/nnumi	none-found	v3piia---
κατέχων	kataxw/nnumi	none-found	v1siia---
κεκασμένον	kai/numai	none-found	v-srpema-
κεκασμένον	kai/numai	none-found	v-srpenn-
κεκασμένον	kai/numai	none-found	v-srpenv-
κεκασμένον	kai/numai	none-found	v-srpena-
κεκασμένον	kai/numai	none-found	v-srpema-
κεκασμένον	kai/numai	none-found	v-srpenn-
κεκασμένον	kai/numai	none-found	v-srpenv-
κεκασμένον	kai/numai	none-found	v-srpena-
κεκάσμεθα	kai/numai	none-found	v1prie---
κεκάσμεθα	kai/numai	none-found	v1prie---
κεκάσμεθα	kai/numai	none-found	v1plie---
κεκάσμεθα	kai/numai	none-found	v1plie---
κερτομίοις	kerto/mios	none-found	n-p---md-
κερτομίοις	kerto/mios	none-found	n-p---fd-
κερτομίοις	kerto/mios	none-found	n-p---nd-
κερτομίοισι	kerto/mios	none-found	n-p---md-
κερτομίοισι	kerto/mios	none-found	n-p---fd-
κερτομίοισι	kerto/mios	none-found	n-p---nd-
κεχαρισμένα	xari/zomai	none-found	v-prpenn-
κεχαρισμένα	xari/zomai	none-found	v-prpenv-
κεχαρισμένα	xari/zomai	none-found	v-prpena-
κεχαρισμένα	xari/zomai	none-found	v-drpefn-
κεχαρισμένα	xari/zomai	none-found	v-drpefv-
κεχαρισμένα	xari/zomai	none-found	v-drpefa-
κεχαρισμένα	xari/zomai	none-found	v-srpefn-
κεχαρισμένα	xari/zomai	none-found	v-srpefv-
κεχαρισμένε	xari/zomai	none-found	v-srpemv-
κεχαρισμένος	xari/zomai	none-found	v-srpemn-
κεχολωμένη	xolo/omai	none-found	v-srpefn-
κεχολωμένη	xolo/omai	none-found	v-srpefv-
κεχολωμένον	xolo/omai	none-found	v-srpema-
κεχολωμένον	xolo/omai	none-found	v-srpenn-
κεχολωμένον	xolo/omai	none-found	v-srpenv-
κεχολωμένον	xolo/omai	none-found	v-srpena-
κεχολωμένος	xolo/omai	none-found	v-srpemn-
κεχολώατο	xolo/omai	none-found	v3plie---
κεχολώσεται	xolo/omai	none-found	v3stie---
κεχολῶσθαι	xolo/omai	none-found	v--rne---
κεχάριστο	xari/zomai	none-found	v3slie---
κεχόλωται	xolo/omai	none-found	v3srie---
κηροῖο	khro/omai	none-found	v2spoe---
κολεῷ	kolea/zw	none-found	v3sfoa---
κουλεῷ	kouleo/s	none-found	n-s---md-
κρέμασεν	krema/zw	none-found	v3saia---
κρῆθεν	krh=qen	none-found	d--------
κυανώπιδος	kuanw=pis	none-found	n-s---fg-
κυνώπιδος	kunw=pis	none-found	n-s---fg-
κυνῶπις	kunw=pis	none-found	n-s---fn-
κάτω	kato/w	none-found	v2spma---
κάτω	kato/w	none-found	v3siia---
κέκασσαι	kai/numai	none-found	v2srie---
κέκαστο	kai/numai	none-found	v3slie---
λαγωούς	lagwo/s	none-found	n-p---ma-
λεπτά	lepto/n	none-found	n-p---nn-
λεπτά	lepto/n	none-found	n-p---nv-
λεπτά	lepto/n	none-found	n-p---na-
λεπτόν	lepto/n	none-found	n-s---nn-
λεπτόν	lepto/n	none-found	n-s---nv-
λεπτόν	lepto/n	none-found	n-s---na-
λιγέως	lige/ws	none-found	d--------
λισσόμενος	li/zw	none-found	v-sfpmmn-
λοέσσομαι	loe/ssomai	none-found	v1spie---
λοῦσαν	lo/w	none-found	v-sppafa-
λοῦσθαι	lo/w	none-found	v--pne---
λοῦσ’	lo/w	none-found	v-sppafn-
λοῦσ’	lo/w	none-found	v-sppafv-
λοῦσ’	lo/w	none-found	v-pppamd-
λοῦσ’	lo/w	none-found	v-pppand-
λοῦσ’	lo/w	none-found	v3ppia---
λοῦσ’	lo/w	none-found	v-pppafn-
λοῦσ’	lo/w	none-found	v-pppafv-
λέπτ’	lepto/n	none-found	n-p---nn-
λέπτ’	lepto/n	none-found	n-p---nv-
λέπτ’	lepto/n	none-found	n-p---na-
λίμνης	limnei	none-found	n-p---fn-
λίμνης	limnei	none-found	n-p---fv-
λίμνῃ	limnei	none-found	n-s---fd-
λίσσεαι	li/zw	none-found	v2sasm---
λίσσεαι	li/zw	none-found	v2sfim---
λίσσεσθαι	li/zw	none-found	v--fnm---
λίσσεται	li/zw	none-found	v3sasm---
λίσσεται	li/zw	none-found	v3sfim---
λίσσηαι	li/zw	none-found	v2sasm---
λίσσοιτο	li/zw	none-found	v3sfom---
λίσσοιτ’	li/zw	none-found	v3sfom---
λίσσοιτ’	li/zw	none-found	v2pfoa---
λίσσομαι	li/zw	none-found	v1sasm---
λίσσομαι	li/zw	none-found	v1sfim---
λίσσομ’	li/zw	none-found	v1sasm---
λίσσομ’	li/zw	none-found	v1sfim---
λίσσοντ’	li/zw	none-found	v-pfpann-
λίσσοντ’	li/zw	none-found	v-pfpanv-
λίσσοντ’	li/zw	none-found	v-pfpana-
λίσσοντ’	li/zw	none-found	v-sfpama-
λίσσοντ’	li/zw	none-found	v-sfpamd-
λίσσοντ’	li/zw	none-found	v-sfpand-
λίσσοντ’	li/zw	none-found	v3pfia---
λίσσοντ’	li/zw	none-found	v-dfpamn-
λίσσοντ’	li/zw	none-found	v-dfpamv-
λίσσοντ’	li/zw	none-found	v-dfpama-
λίσσοντ’	li/zw	none-found	v-dfpann-
λίσσοντ’	li/zw	none-found	v-dfpanv-
λίσσοντ’	li/zw	none-found	v-dfpana-
λίσσοντ’	li/zw	none-found	v3pfim---
λίσσωμαι	li/zw	none-found	v1sasm---
λίστροισιν	li/stros	none-found	n-p---md-
λίσῃ	li/zw	none-found	v2sasm---
λίσῃ	li/zw	none-found	v3sasa---
λίσῃ	li/zw	none-found	v2sfim---
λόεον	loe/w	none-found	v3piia---
λόεον	loe/w	none-found	v1siia---
λύθρῳ	lu/qros	none-found	n-s---md-
μαλ’	mali/s	none-found	n-s---fv-
μαντευόμενος	manteu/w	none-found	v-sppemn-
μαντεύεο	manteu/w	none-found	v2spme---
μαντεύεο	manteu/w	none-found	v2siie---
μαντεύεσθαι	manteu/w	none-found	v--pne---
μαντεύετο	manteu/w	none-found	v3siie---
μαντεύομαι	manteu/w	none-found	v1spie---
μαντεύσατο	manteu/w	none-found	v3saim---
μαντεύσομαι	manteu/w	none-found	v1sasm---
μαντεύσομαι	manteu/w	none-found	v1sfim---
μεδώμεθα	me/domai	none-found	v1ppse---
μεθήμενος	meta/-h(=mai	none-found	v-srpmmn-
μελαγχροιής	melagxroih/s	none-found	n-s---mn-
μελαγχροιής	melagxroih/s	none-found	n-s---fn-
μελανόχροος	melano/xrous	none-found	n-s---mn-
μελανόχροος	melano/xrous	none-found	n-s---fn-
μελικρήτῳ	meli/krhton	none-found	n-s---nd-
μεμιγμένα	mi/gnumi	none-found	v-prpenn-
μεμιγμένα	mi/gnumi	none-found	v-prpenv-
μεμιγμένα	mi/gnumi	none-found	v-prpena-
μεμιγμένα	mi/gnumi	none-found	v-drpefn-
μεμιγμένα	mi/gnumi	none-found	v-drpefv-
μεμιγμένα	mi/gnumi	none-found	v-drpefa-
μεμιγμένα	mi/gnumi	none-found	v-srpefn-
μεμιγμένα	mi/gnumi	none-found	v-srpefv-
μεμιγμένα	mi/gnumi	none-found	v-prpenn-
μεμιγμένα	mi/gnumi	none-found	v-prpenv-
μεμιγμένα	mi/gnumi	none-found	v-prpena-
μεμιγμένα	mi/gnumi	none-found	v-drpefn-
μεμιγμένα	mi/gnumi	none-found	v-drpefv-
μεμιγμένα	mi/gnumi	none-found	v-drpefa-
μεμιγμένα	mi/gnumi	none-found	v-srpefn-
μεμιγμένα	mi/gnumi	none-found	v-srpefv-
μεμιγμένα	mi/gnumi	none-found	v-prpenn-
μεμιγμένα	mi/gnumi	none-found	v-prpenv-
μεμιγμένα	mi/gnumi	none-found	v-prpena-
μεμιγμένα	mi/gnumi	none-found	v-drpefn-
μεμιγμένα	mi/gnumi	none-found	v-drpefv-
μεμιγμένα	mi/gnumi	none-found	v-drpefa-
μεμιγμένα	mi/gnumi	none-found	v-srpefn-
μεμιγμένα	mi/gnumi	none-found	v-srpefv-
μεμιγμένη	mi/gnumi	none-found	v-srpefn-
μεμιγμένη	mi/gnumi	none-found	v-srpefv-
μεμιγμένη	mi/gnumi	none-found	v-srpefn-
μεμιγμένη	mi/gnumi	none-found	v-srpefv-
μεμιγμένη	mi/gnumi	none-found	v-srpefn-
μεμιγμένη	mi/gnumi	none-found	v-srpefv-
μεμιγμένον	mi/gnumi	none-found	v-srpema-
μεμιγμένον	mi/gnumi	none-found	v-srpenn-
μεμιγμένον	mi/gnumi	none-found	v-srpenv-
μεμιγμένον	mi/gnumi	none-found	v-srpena-
μεμιγμένον	mi/gnumi	none-found	v-srpema-
μεμιγμένον	mi/gnumi	none-found	v-srpenn-
μεμιγμένον	mi/gnumi	none-found	v-srpenv-
μεμιγμένον	mi/gnumi	none-found	v-srpena-
μεμιγμένον	mi/gnumi	none-found	v-srpema-
μεμιγμένον	mi/gnumi	none-found	v-srpenn-
μεμιγμένον	mi/gnumi	none-found	v-srpenv-
μεμιγμένον	mi/gnumi	none-found	v-srpena-
μετενίσσετο	metani/ssomai	none-found	v3siie---
μετέρεπον	meta/-r(e/pw	none-found	v3piia---
μετέρεπον	meta/-r(e/pw	none-found	v1siia---
μιγείη	mi/gnumi	none-found	v3saop---
μιγείη	mi/gnumi	none-found	v3saop---
μιγείην	mi/gnumi	none-found	v1saop---
μιγείην	mi/gnumi	none-found	v1saop---
μιγεῖσα	mi/gnumi	none-found	v-sappfn-
μιγεῖσα	mi/gnumi	none-found	v-sappfv-
μιγεῖσα	mi/gnumi	none-found	v-sappfn-
μιγεῖσα	mi/gnumi	none-found	v-sappfv-
μιγέντα	mi/gnumi	none-found	v-pappnn-
μιγέντα	mi/gnumi	none-found	v-pappnv-
μιγέντα	mi/gnumi	none-found	v-pappna-
μιγέντα	mi/gnumi	none-found	v-sappma-
μιγέντα	mi/gnumi	none-found	v-pappnn-
μιγέντα	mi/gnumi	none-found	v-pappnv-
μιγέντα	mi/gnumi	none-found	v-pappna-
μιγέντα	mi/gnumi	none-found	v-sappma-
μιγέντε	mi/gnumi	none-found	v-dappmn-
μιγέντε	mi/gnumi	none-found	v-dappmv-
μιγέντε	mi/gnumi	none-found	v-dappma-
μιγέντε	mi/gnumi	none-found	v-dappnn-
μιγέντε	mi/gnumi	none-found	v-dappnv-
μιγέντε	mi/gnumi	none-found	v-dappna-
μιγέντε	mi/gnumi	none-found	v-dappmn-
μιγέντε	mi/gnumi	none-found	v-dappmv-
μιγέντε	mi/gnumi	none-found	v-dappma-
μιγέντε	mi/gnumi	none-found	v-dappnn-
μιγέντε	mi/gnumi	none-found	v-dappnv-
μιγέντε	mi/gnumi	none-found	v-dappna-
μιγήῃς	mi/gnumi	none-found	v2sasp---
μιγήῃς	mi/gnumi	none-found	v2sasp---
μιγῆναι	mi/gnumi	none-found	v--anp---
μιγῆναι	mi/gnumi	none-found	v--anp---
μιλτοπάρῃοι	miltopa/rh|os	none-found	n-p---mn-
μιλτοπάρῃοι	miltopa/rh|os	none-found	n-p---mv-
μιλτοπάρῃοι	miltopa/rh|os	none-found	n-p---fn-
μιλτοπάρῃοι	miltopa/rh|os	none-found	n-p---fv-
μισγομένων	mi/gnumi	none-found	v-pppefg-
μισγομένων	mi/gnumi	none-found	v-pppemg-
μισγομένων	mi/gnumi	none-found	v-pppeng-
μισγέμεναι	mi/gnumi	none-found	v--pna---
μισγέσκετο	mi/gnumi	none-found	v3siie---
μοῦσα	*mou=sai	none-found	n-s---fn-
μοῦσα	*mou=sai	none-found	n-s---fv-
μοῦσ’	*mou=sai	none-found	n-s---fn-
μοῦσ’	*mou=sai	none-found	n-s---fv-
μοῦσ’	*mou=sai	none-found	n-p---fn-
μοῦσ’	*mou=sai	none-found	n-p---fv-
μάλιστα	ma/lista	none-found	d--------
μάλιστά	ma/lista	none-found	d--------
μάλιστ’	ma/lista	none-found	d--------
μέδηαι	me/domai	none-found	v2spse---
μέδηται	me/domai	none-found	v3spse---
μέδοντας	me/dwn	none-found	n-p---ma-
μέδοντες	me/dwn	none-found	n-p---mn-
μέδοντες	me/dwn	none-found	n-p---mv-
μέδοντος	me/dwn	none-found	n-s---mg-
μήλοπα	mh/lwy	none-found	n-s---ma-
μήλοπα	mh/lwy	none-found	n-s---fa-
μίγεν	mi/gnumi	none-found	v3paip---
μίγη	mi/gnumi	none-found	v3saip---
μίγη	mi/gnumi	none-found	v3saip---
μίγησαν	mi/gnumi	none-found	v3paip---
μίγησαν	mi/gnumi	none-found	v3paip---
μίξεσθαι	mi/gnumi	none-found	v--fnm---
μίσγεσθαι	mi/gnumi	none-found	v--pne---
μίσγεται	mi/gnumi	none-found	v3spie---
μίσγηται	mi/gnumi	none-found	v3spse---
μίσγοντό	mi/gnumi	none-found	v3piie---
νεηνίαι	neani/hs	none-found	n-p---mn-
νεηνίαι	neani/hs	none-found	n-p---mv-
νεηνίαι	neani/hs	none-found	n-s---md-
νεηνίῃ	neani/hs	none-found	n-s---md-
νεογιλῆς	neogilh/s	none-found	n-p---ma-
νεογιλῆς	neogilh/s	none-found	n-p---fa-
νεογιλῆς	neogilh/s	none-found	n-p---mn-
νεογιλῆς	neogilh/s	none-found	n-p---mv-
νεογιλῆς	neogilh/s	none-found	n-p---fn-
νεογιλῆς	neogilh/s	none-found	n-p---fv-
νηλείτιδές	nhlith/s	none-found	n-p---fn-
νηλείτιδές	nhlith/s	none-found	n-p---fv-
νηπιάας	nhpia/a	none-found	n-p---fa-
νηπιάας	nhpia/a	none-found	n-s---fg-
νηπιέῃσι	nhpia/a	none-found	n-p---fd-
νοσφισθείς	nosfi/zomai	none-found	v-sapemn-
νοσφισθείς	nosfi/zomai	none-found	v-sapemv-
νοσφισσαμένη	nosfi/zomai	none-found	v-sapefn-
νοσφισσαμένη	nosfi/zomai	none-found	v-sapefv-
νοσφισσαμένην	nosfi/zomai	none-found	v-sapefa-
νοσφισάμην	nosfi/zomai	none-found	v1saie---
νοσφίζεαι	nosfi/zomai	none-found	v2spie---
νοσφίσατ’	nosfi/zomai	none-found	v2pama---
νοσφίσατ’	nosfi/zomai	none-found	v3saie---
νοσφίσατ’	nosfi/zomai	none-found	v2paia---
νάσσα	na=ssa	none-found	n-d---fn-
νάσσα	na=ssa	none-found	n-d---fv-
νάσσα	na=ssa	none-found	n-d---fa-
νάσσα	na=ssa	none-found	n-s---fn-
νάσσα	na=ssa	none-found	n-s---fv-
νέποδες	ne/podes	none-found	n-p---mn-
νέποδες	ne/podes	none-found	n-p---mv-
νώνυμνον	nw/numnos	none-found	n-s---ma-
νώνυμνον	nw/numnos	none-found	n-s---fa-
νώνυμνον	nw/numnos	none-found	n-s---nn-
νώνυμνον	nw/numnos	none-found	n-s---nv-
νώνυμνον	nw/numnos	none-found	n-s---na-
νώτοισιν	nw=tos	none-found	n-p---md-
νώτου	nw=tos	none-found	n-s---mg-
νῶτον	nw=tos	none-found	n-s---ma-
ξεινοδόκοι	ceinodo/kos	none-found	n-p---mn-
ξεινοδόκοι	ceinodo/kos	none-found	n-p---mv-
ξεινοδόκος	ceinodo/kos	none-found	n-s---mn-
ξεινοδόκου	ceinodo/kos	none-found	n-s---mg-
ξεινοδόκῳ	ceinodo/kos	none-found	n-s---md-
ξερόν	cero/s	none-found	a-s---ma-
ξερόν	cero/s	none-found	a-s---nn-
ξερόν	cero/s	none-found	a-s---nv-
ξερόν	cero/s	none-found	a-s---na-
οἰνοπέδοιο	oi)no/pedon	none-found	n-s---ng-
οἰνοχοεῦντες	oi)noxoe/w	none-found	v-pppamn-
οἰνοχοεῦντες	oi)noxoe/w	none-found	v-pppamv-
οἰνοχοῆσαι	oi)noxoe/w	none-found	v--ana---
οἰνοχόει	oi)noxoe/w	none-found	v3siia---
οἰνοχόει	oi)noxoe/w	none-found	v2spma---
οἰνωθέντες	oi)no/omai	none-found	v-papemn-
οἰνωθέντες	oi)no/omai	none-found	v-papemv-
οὔθ’	ou)/ti	none-found	d--------
οὔλας	o(/loc	none-found	a-p---fa-
οὔλας	o(/loc	none-found	a-s---fg-
οὔλην	o(/loc	none-found	a-s---fa-
οὔλῳ	o(/loc	none-found	a-s---md-
οὔλῳ	o(/loc	none-found	a-s---nd-
οὔτ’	ou)/ti	none-found	d--------
οὖλον	o(/loc	none-found	a-s---ma-
οὖλον	o(/loc	none-found	a-s---nn-
οὖλον	o(/loc	none-found	a-s---nv-
οὖλον	o(/loc	none-found	a-s---na-
οὖλέ	o(/loc	none-found	a-s---mv-
παρειάων	parei/hs	none-found	n-p---mg-
παρειῶν	parei/hs	none-found	n-p---mg-
παρείη	parei/hs	none-found	n-s---mv-
παρημένω	para/-h(=mai	none-found	v-drpmmn-
παρημένω	para/-h(=mai	none-found	v-drpmmv-
παρημένω	para/-h(=mai	none-found	v-drpmma-
παρημένω	para/-h(=mai	none-found	v-drpmnn-
παρημένω	para/-h(=mai	none-found	v-drpmnv-
παρημένω	para/-h(=mai	none-found	v-drpmna-
παρημένω	para/-h(=mai	none-found	v-srpmmg-
παρημένω	para/-h(=mai	none-found	v-srpmng-
παρθενίην	parqeni/hs	none-found	n-s---ma-
παριστάμεναι	parista/w	none-found	v-pppefn-
παριστάμεναι	parista/w	none-found	v-pppefv-
παριστάμεναι	parista/w	none-found	v--pna---
παριστάμενοι	parista/w	none-found	v-pppemn-
παριστάμενοι	parista/w	none-found	v-pppemv-
παριστάμενος	parista/w	none-found	v-sppemn-
παρήμενοι	para/-h(=mai	none-found	v-prpmmn-
παρήμενοι	para/-h(=mai	none-found	v-prpmmv-
παρήμενον	para/-h(=mai	none-found	v-srpmma-
παρήμενον	para/-h(=mai	none-found	v-srpmnn-
παρήμενον	para/-h(=mai	none-found	v-srpmnv-
παρήμενον	para/-h(=mai	none-found	v-srpmna-
παρήμενος	para/-h(=mai	none-found	v-srpmmn-
παρίστασαι	parista/w	none-found	v2samm---
πατρῶν	pa/trh	none-found	n-p---fg-
περιδώσομαι	peridi/domai	none-found	v1sfim---
περιτρέφετο	peritre/fomai	none-found	v3siie---
περιφύς	perifu/omai	none-found	v-sapamn-
περιφύς	perifu/omai	none-found	v-sapamv-
περιφῦναι	perifu/omai	none-found	v--ana---
περιφῦσ’	perifu/omai	none-found	v-sapafn-
περιφῦσ’	perifu/omai	none-found	v-sapafv-
περιφῦσ’	perifu/omai	none-found	v-papafn-
περιφῦσ’	perifu/omai	none-found	v-papafv-
περιφῦσ’	perifu/omai	none-found	v--ana---
πετάλοισι	pe/talos	none-found	a-p---md-
πετάλοισι	pe/talos	none-found	a-p---nd-
πετάσειε	peta/zw	none-found	v3saoa---
πετάσθησαν	peta/zw	none-found	v3paip---
πετάσσας	peta/zw	none-found	v-sapamn-
πετάσσας	peta/zw	none-found	v-sapamv-
πιθήσας	piqe/w	none-found	v-sapamn-
πιθήσας	piqe/w	none-found	v-sapamv-
πιθήσεις	piqe/w	none-found	v2sasa---
πιθήσεις	piqe/w	none-found	v2sfia---
πλημυρίς	plhmmuri/s	none-found	n-s---fn-
πολυάρητος	polua/rhtos	none-found	n-s---mn-
πολυάρητος	polua/rhtos	none-found	n-s---fn-
πονεῖτο	pone/omai	none-found	v3spoe---
πονεῖτο	pone/omai	none-found	v3siie---
πονησάμενοι	pone/omai	none-found	v-papemn-
πονησάμενοι	pone/omai	none-found	v-papemv-
πονησάμενος	pone/omai	none-found	v-sapemn-
πονέοντο	pone/omai	none-found	v3piie---
πονήσομαι	pone/omai	none-found	v1sase---
πονήσομαι	pone/omai	none-found	v1sfie---
πορόντες	po/rw	none-found	v-papamn-
πορόντες	po/rw	none-found	v-papamv-
πορών	po/rw	none-found	v-sapamn-
ποτοῖο	poto/n	none-found	n-s---ng-
ποτόν	poto/n	none-found	n-s---nn-
ποτόν	poto/n	none-found	n-s---nv-
ποτόν	poto/n	none-found	n-s---na-
προβιβάντα	pro/-bi/bhmi	none-found	v-pppann-
προβιβάντα	pro/-bi/bhmi	none-found	v-pppanv-
προβιβάντα	pro/-bi/bhmi	none-found	v-pppana-
προβιβάντα	pro/-bi/bhmi	none-found	v-sppama-
προβιβάς	pro/-bi/bhmi	none-found	v-sppamn-
προβιβάς	pro/-bi/bhmi	none-found	v-sppamv-
προδόμῳ	pro/domon	none-found	n-s---nd-
προνοῆσαι	pronoou=mai	none-found	v--ana---
προσέστιχε	pro/-sti/zw	none-found	v2srma---
προσέστιχε	pro/-sti/zw	none-found	v3sria---
προσέστιχε	pro/s-sti/zw	none-found	v2srma---
προσέστιχε	pro/s-sti/zw	none-found	v3sria---
προυφαίνετ’	pro/-u(fai/nw	none-found	v3siie---
προυφαίνετ’	pro/-u(fai/nw	none-found	v2piia---
προυφαίνετ’	pro/-u(fai/nw	none-found	v2ppma---
προυφαίνετ’	pro/-u(fai/nw	none-found	v2ppia---
προυφαίνετ’	pro/-u(fai/nw	none-found	v3spie---
προυφαίνετ’	pro/-u(fai/nw	none-found	v3siie---
προυφαίνετ’	pro/-u(fai/nw	none-found	v2piia---
προὐφαίνετο	pro/-u(fai/nw	none-found	v3siie---
προὐφαίνετο	pro/-u(fai/nw	none-found	v3siie---
προύφαινε	pro/-u(fai/nw	none-found	v3siia---
προύφαινε	pro/-u(fai/nw	none-found	v2spma---
προύφαινε	pro/-u(fai/nw	none-found	v3siia---
προύφαινον	pro/-u(fai/nw	none-found	v3piia---
προύφαινον	pro/-u(fai/nw	none-found	v1siia---
προύφαινον	pro/-u(fai/nw	none-found	v3piia---
προύφαινον	pro/-u(fai/nw	none-found	v1siia---
πρωτόπλοον	prwto/plous	none-found	n-s---ma-
πρωτόπλοον	prwto/plous	none-found	n-s---fa-
πρωτόπλοον	prwto/plous	none-found	n-s---nn-
πρωτόπλοον	prwto/plous	none-found	n-s---nv-
πρωτόπλοον	prwto/plous	none-found	n-s---na-
πρίατο	pri/amai	none-found	v3siim---
πάππα	pa/pphs	none-found	n-d---mn-
πάππα	pa/pphs	none-found	n-d---mv-
πάππα	pa/pphs	none-found	n-d---ma-
πάππα	pa/pphs	none-found	n-s---mv-
πάππα	pa/pphs	none-found	n-s---mg-
πάππα	pa/pphs	none-found	n-s---mn-
πάτρης	pa/trh	none-found	n-s---fg-
πέτασαν	peta/zw	none-found	v3paia---
πέτασσαν	peta/zw	none-found	v3paia---
πέτασ’	peta/zw	none-found	v2samm---
πέτασ’	peta/zw	none-found	v1saia---
πέτασ’	peta/zw	none-found	v3saia---
πόρε	po/rw	none-found	v3saia---
πόρε	po/rw	none-found	v2sama---
πόρεν	po/rw	none-found	v3saia---
πόροι	po/rw	none-found	v3saoa---
πόροις	po/rw	none-found	v2saoa---
πόρον	po/rw	none-found	v3paia---
πόρον	po/rw	none-found	v1saia---
πόρῃ	po/rw	none-found	v3sasa---
πόρῃσιν	po/rw	none-found	v3sasa---
σαοφροσύνης	saofrosu/nh	none-found	n-s---fg-
σαοφροσύνῃσι	saofrosu/nh	none-found	n-p---fd-
σαωθῆναι	sw/zw	none-found	v--anp---
σαώσαι	sw/zw	none-found	v3saoa---
σαώσεαι	sw/zw	none-found	v2sasm---
σαώσεαι	sw/zw	none-found	v2sfim---
σαώσομεν	sw/zw	none-found	v1pasa---
σαώσομεν	sw/zw	none-found	v1pfia---
σαώσω	sw/zw	none-found	v1sasa---
σαώσω	sw/zw	none-found	v1sfia---
σαώσω	sw/zw	none-found	v2saim---
σεῖο	se/w	none-found	v2spoe---
σεῦ	se/w	none-found	v2spme---
σεῦ	se/w	none-found	v2siie---
σιτέσκοντο	site/omai	none-found	v3piie---
σκηριπτόμενος	skhri/ptomai	none-found	v-sppemn-
σκηρίπτεσθ’	skhri/ptomai	none-found	v2ppme---
σκηρίπτεσθ’	skhri/ptomai	none-found	v2ppie---
σκηρίπτεσθ’	skhri/ptomai	none-found	v--pne---
σκηρίπτεσθ’	skhri/ptomai	none-found	v2piie---
σκέδασον	skeda/w	none-found	v2sama---
σκέδασ’	skeda/w	none-found	v2samm---
σκέπαρνον	ske/parnos	none-found	n-s---ma-
σοῖο	se/w	none-found	v2spoe---
σοῖς	se/w	none-found	v2spoa---
σοῖσι	se/w	none-found	v-pppamd-
σοῖσι	se/w	none-found	v-pppand-
σοῖσιν	se/w	none-found	v-pppamd-
σοῖσιν	se/w	none-found	v-pppand-
σοῦ	se/w	none-found	v2spme---
σοῦ	se/w	none-found	v2siie---
σπείους	spei=os	none-found	n-s---ng-
σπεῖος	spei=os	none-found	n-s---nn-
σπεῖος	spei=os	none-found	n-s---nv-
σπεῖος	spei=os	none-found	n-s---na-
σταθμοί	staqmo/w	none-found	v2spse---
σταθμοί	staqmo/w	none-found	v2spie---
σταθμοί	staqmo/w	none-found	v3spsa---
σταθμοῖο	staqma/omai	none-found	v2spoe---
σταθμοῖο	staqmo/w	none-found	v2spoe---
σταθμοῖσι	staqmo/w	none-found	v-pppamd-
σταθμοῖσι	staqmo/w	none-found	v-pppand-
σταθμοῖσι	staqmo/w	none-found	v3spsa---
σταθμοῖσι	staqmo/w	none-found	v3ppia---
σταθμοῖσιν	staqmo/w	none-found	v-pppamd-
σταθμοῖσιν	staqmo/w	none-found	v-pppand-
σταθμοῖσιν	staqmo/w	none-found	v3spsa---
σταθμοῖσιν	staqmo/w	none-found	v3ppia---
σταθμῶν	staqmo/w	none-found	v-sppamv-
σταθμῶν	staqmo/w	none-found	v-sppann-
σταθμῶν	staqmo/w	none-found	v-sppanv-
σταθμῶν	staqmo/w	none-found	v-sppana-
σταθμῶν	staqmo/w	none-found	v-sppamn-
σταθμῶν	staqmo/w	none-found	v--pna---
σταμίνεσσι	stami/nes	none-found	n-p---md-
στειλειόν	steileio/n	none-found	n-s---nn-
στειλειόν	steileio/n	none-found	n-s---nv-
στειλειόν	steileio/n	none-found	n-s---na-
στειλειῆς	steileih/	none-found	n-s---fg-
στρατοῦ	strata/w%	none-found	v2spme---
στρατῷ	strata/w%	none-found	v3spoa---
στρεύγεσθαι	streu/gomai	none-found	v--pne---
συκέαι	sukh=	none-found	n-p---fn-
συκέαι	sukh=	none-found	n-p---fv-
συκέαι	sukh=	none-found	n-p---fn-
συκέαι	sukh=	none-found	n-p---fv-
συκέας	sukh=	none-found	n-p---fa-
συκέας	sukh=	none-found	n-p---fa-
συκέη	sukh=	none-found	n-s---fn-
συκέη	sukh=	none-found	n-s---fv-
συκέη	sukh=	none-found	n-s---fn-
συκέη	sukh=	none-found	n-s---fv-
συμφράσσατο	sumfra/zw	none-found	v3saim---
σχεθέτω	sxe/qw%	none-found	v3sama---
σχέθε	sxe/qw%	none-found	v2sama---
σχέθε	sxe/qw%	none-found	v3saia---
σχέθεν	sxe/qw%	none-found	v3saia---
σχέθον	sxe/qw%	none-found	v3paia---
σχέθον	sxe/qw%	none-found	v1saia---
σχήσει	sxa/w	none-found	v3sasa---
σχήσει	sxa/w	none-found	v2sfim---
σχήσει	sxa/w	none-found	v3sfia---
σχήσεις	sxa/w	none-found	v2sasa---
σχήσεις	sxa/w	none-found	v2sfia---
σχήσομεν	sxa/w	none-found	v1pasa---
σχήσομεν	sxa/w	none-found	v1pfia---
σχῶνται	sxa/w	none-found	v3ppse---
σχῶνται	sxa/w	none-found	v3ppie---
σχῶνται	sxa/w	none-found	v3ppse---
σάκε’	sa/kas	none-found	n-s---ma-
σάω	sw/zw	none-found	v3siia---
σάω	sw/zw	none-found	v2spmm---
σάωσε	sw/zw	none-found	v3saia---
σάωσον	sw/zw	none-found	v2sama---
σέο	se/w	none-found	v2spme---
σέο	se/w	none-found	v2siie---
σόα	so/os	none-found	a-p---nn-
σόα	so/os	none-found	a-p---nv-
σόα	so/os	none-found	a-p---na-
σόα	so/os	none-found	a-d---fn-
σόα	so/os	none-found	a-d---fv-
σόα	so/os	none-found	a-d---fa-
σόα	so/os	none-found	a-s---fn-
σόα	so/os	none-found	a-s---fv-
σόοι	so/os	none-found	a-p---mn-
σόοι	so/os	none-found	a-p---mv-
σόος	so/os	none-found	a-s---mn-
σύντρεις	su/n-tre/w	none-found	v2siia---
σώζων	sw/zw	none-found	v-sppamn-
σῆς	se/w	none-found	v2spia---
σῆς	se/w	none-found	v2siia---
σῇ	se/w	none-found	v2spse---
σῇ	se/w	none-found	v2spie---
σῇ	se/w	none-found	v3spsa---
σῇσι	se/w	none-found	v3spsa---
σῇσιν	se/w	none-found	v3spsa---
σῶν	se/w	none-found	v-sppamn-
τεθνεῶτί	qnh/skw	none-found	v-srpamd-
τεθνεῶτί	qnh/skw	none-found	v-srpand-
τεθνηκυῖαν	qnh/skw	none-found	v-srpafa-
τεθνηκότος	qnh/skw	none-found	v-srpamg-
τεθνηκότος	qnh/skw	none-found	v-srpang-
τεθνηότας	qnh/skw	none-found	v-prpama-
τεθνηότος	qnh/skw	none-found	v-srpamg-
τεθνηότος	qnh/skw	none-found	v-srpang-
τεθνηῶτα	qnh/skw	none-found	v-prpann-
τεθνηῶτα	qnh/skw	none-found	v-prpanv-
τεθνηῶτα	qnh/skw	none-found	v-prpana-
τεθνηῶτα	qnh/skw	none-found	v-srpama-
τεθνηῶτι	qnh/skw	none-found	v-srpamd-
τεθνηῶτι	qnh/skw	none-found	v-srpand-
τεθνηῶτος	qnh/skw	none-found	v-srpamg-
τεθνηῶτος	qnh/skw	none-found	v-srpang-
τεθνάμεν	qnh/skw	none-found	v--rna---
τεθνᾶσι	qnh/skw	none-found	v3pria---
τεθνᾶσιν	qnh/skw	none-found	v3pria---
τρισκαιδεκάτῃ	triskaide/katos	none-found	a-s---fd-
τρισκαιδέκατος	triskaide/katos	none-found	a-s---mn-
τροφοῦ	trofe/w	none-found	v2spme---
τροφοῦ	trofe/w	none-found	v2siie---
τροφέοντο	trofe/w	none-found	v3piie---
τρυχώμεθα	truxo/omai	none-found	v1ppse---
τρυχώμεθα	truxo/omai	none-found	v1ppie---
τρυχώμεθα	truxo/omai	none-found	v1piie---
τάχισθ’	ta/xistos	none-found	a-p---nn-
τάχισθ’	ta/xistos	none-found	a-p---nv-
τάχισθ’	ta/xistos	none-found	a-p---na-
τάχισθ’	ta/xistos	none-found	a-s---mv-
τάχισθ’	ta/xistos	none-found	a-p---fn-
τάχισθ’	ta/xistos	none-found	a-p---fv-
τάχιστα	ta/xistos	none-found	a-p---nn-
τάχιστα	ta/xistos	none-found	a-p---nv-
τάχιστα	ta/xistos	none-found	a-p---na-
τάχιστά	ta/xistos	none-found	a-p---nn-
τάχιστά	ta/xistos	none-found	a-p---nv-
τάχιστά	ta/xistos	none-found	a-p---na-
τέθνηκε	qnh/skw	none-found	v2srma---
τέθνηκε	qnh/skw	none-found	v3sria---
τέθνηκεν	qnh/skw	none-found	v3sria---
τέθνηκεν	qnh/skw	none-found	v3plia---
τῇδε	th=|de	none-found	d--------
τῇδ’	th=|de	none-found	d--------
φαάντατος	faa/ntatos	none-found	a-s---mn-
φοινικοπαρῄους	foinikopa/rh|os	none-found	n-p---ma-
φοινικοπαρῄους	foinikopa/rh|os	none-found	n-p---fa-
φυσίζοος	fusi/zous	none-found	n-s---mn-
φυσίζοος	fusi/zous	none-found	n-s---fn-
φόωσδε	fo/wsde	none-found	d--------
χαμαιευνάδες	xamaieuna/s	none-found	n-p---fn-
χαμαιευνάδες	xamaieuna/s	none-found	n-p---fv-
χαριζομένη	xari/zomai	none-found	v-sppefn-
χαριζομένη	xari/zomai	none-found	v-sppefv-
χαριζόμενος	xari/zomai	none-found	v-sppemn-
χαρίζεο	xari/zomai	none-found	v2spme---
χαρίζεο	xari/zomai	none-found	v2siie---
χαρίζετο	xari/zomai	none-found	v3siie---
χαρίσασθαι	xari/zomai	none-found	v--ane---
χερμαδίοισι	xerma/dios	none-found	n-p---md-
χερμαδίοισι	xerma/dios	none-found	n-p---fd-
χερμαδίοισι	xerma/dios	none-found	n-p---nd-
χερμαδίοισιν	xerma/dios	none-found	n-p---md-
χερμαδίοισιν	xerma/dios	none-found	n-p---fd-
χερμαδίοισιν	xerma/dios	none-found	n-p---nd-
χολωθείς	xolo/omai	none-found	v-sapemn-
χολωθείς	xolo/omai	none-found	v-sapemv-
χολωσάμενος	xolo/omai	none-found	v-sapemn-
χολωσάμενός	xolo/omai	none-found	v-sapemn-
χολώσαιτο	xolo/omai	none-found	v3saoe---
χολώσατο	xolo/omai	none-found	v3saie---
χωόμενος	xa/zomai	none-found	v-sfpemn-
χάρμα	xa/rmhs	none-found	n-d---mn-
χάρμα	xa/rmhs	none-found	n-d---mv-
χάρμα	xa/rmhs	none-found	n-d---ma-
χάρμα	xa/rmhs	none-found	n-s---mv-
χάρμα	xa/rmhs	none-found	n-s---mg-
χάρμα	xa/rmhs	none-found	n-s---mn-
χάρμης	xa/rmhs	none-found	n-s---mn-
χήτει	xh=tis	none-found	n-d---fn-
χήτει	xh=tis	none-found	n-d---fv-
χήτει	xh=tis	none-found	n-d---fa-
χήτει	xh=tis	none-found	n-s---fd-
χήτει	xh=tis	none-found	n-s---fd-
ἀγκοίνῃσι	a)gkoi/nh	none-found	n-p---fd-
ἀγκοίνῃσιν	a)gkoi/nh	none-found	n-p---fd-
ἀείρων	a)/eiros	none-found	n-p---mg-
ἀείρων	a)/eiros	none-found	n-p---fg-
ἀείρων	a)/eiros	none-found	n-p---ng-
ἀζαλέης	a)zale/a	none-found	n-s---fg-
ἀκαχίζευ	a)kaxi/zomai	none-found	v2siie---
ἀκαχίζευ	a)kaxi/zomai	none-found	v2spme---
ἀκαχίζευ	a)kaxi/zomai	none-found	v2siie---
ἀκοίτις	a)/koitis	none-found	n-p---fa-
ἀκροπόλοισιν	a)kropo/loi	none-found	n-p---md-
ἀλύξαι	a)lu/zw	none-found	v--ana---
ἀλύξαι	a)lu/zw	none-found	v3saoa---
ἀλύξαιμεν	a)lu/zw	none-found	v1paoa---
ἀλύξας	a)lu/zw	none-found	v-sapamn-
ἀλύξας	a)lu/zw	none-found	v-sapamv-
ἀλύξει	a)lu/zw	none-found	v3sasa---
ἀλύξει	a)lu/zw	none-found	v2sfim---
ἀλύξει	a)lu/zw	none-found	v3sfia---
ἀλύξῃ	a)lu/zw	none-found	v2sasm---
ἀλύξῃ	a)lu/zw	none-found	v3sasa---
ἀλύξῃ	a)lu/zw	none-found	v2sfim---
ἀλύξῃς	a)lu/zw	none-found	v2sasa---
ἀμβροσίη	a)mbrosi/h	none-found	n-s---fn-
ἀμβροσίη	a)mbrosi/h	none-found	n-s---fv-
ἀμβροσίην	a)mbrosi/h	none-found	n-s---fa-
ἀμβροσίης	a)mbrosi/h	none-found	n-s---fg-
ἀμπερές	a)mpere/s	none-found	d--------
ἀμφαδά	a)mfado/s	none-found	a-p---nn-
ἀμφαδά	a)mfado/s	none-found	a-p---nv-
ἀμφαδά	a)mfado/s	none-found	a-p---na-
ἀμφαδά	a)mfado/s	none-found	a-d---fn-
ἀμφαδά	a)mfado/s	none-found	a-d---fv-
ἀμφαδά	a)mfado/s	none-found	a-d---fa-
ἀμφαδά	a)mfado/s	none-found	a-s---fn-
ἀμφαδά	a)mfado/s	none-found	a-s---fv-
ἀμφαδόν	a)mfado/s	none-found	a-s---ma-
ἀμφαδόν	a)mfado/s	none-found	a-s---nn-
ἀμφαδόν	a)mfado/s	none-found	a-s---nv-
ἀμφαδόν	a)mfado/s	none-found	a-s---na-
ἀμφιγυήεις	a)mfigu/eis	none-found	n-s---mn-
ἀμφιμάσασθε	a)mfi/-i(ma/ssw	none-found	v2pamm---
ἀμφιμάσασθε	a)mfi/-i(ma/ssw	none-found	v2paim---
ἀμφιμάσασθε	a)mfi/-i(ma/ssw	none-found	v2paim---
ἀμφιμάσασθε	a)mfi/-i(ma/w	none-found	v2pamm---
ἀμφιμάσασθε	a)mfi/-i(ma/w	none-found	v2paim---
ἀμφιμάσασθε	a)mfi/-ma/ssw	none-found	v2pamm---
ἀμφιμάσασθε	a)mfi/-ma/ssw	none-found	v2paim---
ἀναβροχέν	a)na/-bro/xw	none-found	v-sappnn-
ἀναβροχέν	a)na/-bro/xw	none-found	v-sappnv-
ἀναβροχέν	a)na/-bro/xw	none-found	v-sappna-
ἀναβρόξειε	a)na/-bro/xw	none-found	v3saoa---
ἀναχασσάμενος	a)naxa/zomai	none-found	v-sapemn-
ἀνειρόμενος	a)ne/romai	none-found	v-sppemn-
ἀνεσχέθομεν	a)na/-sxe/qw%	none-found	v1paia---
ἀνείρεαι	a)ne/romai	none-found	v2spie---
ἀνείρετο	a)ne/romai	none-found	v3siie---
ἀνείρετο	a)ne/romai	none-found	v3siie---
ἀνείρηται	a)ne/romai	none-found	v3spse---
ἀνσχεθέειν	a)na/-sxe/qw%	none-found	v--ana---
ἀντεβόλησας	a)nti/-a)ntibole/w	none-found	v2saia---
ἀντεβόλησε	a)nti/-a)ntibole/w	none-found	v3saia---
ἀντεβόλησεν	a)nti/-a)ntibole/w	none-found	v3saia---
ἀνέμου	a)nemo/w	none-found	v3siia---
ἀνέμου	a)nemo/w	none-found	v2spma---
ἀνέμου	a)nemo/w	none-found	v3siia---
ἀνέμους	a)nemo/w	none-found	v2siia---
ἀνέμους	a)nemo/w	none-found	v2siia---
ἀνέμων	a)nemo/w	none-found	v3piia---
ἀνέμων	a)nemo/w	none-found	v1siia---
ἀνέμων	a)nemo/w	none-found	v3piia---
ἀνέμων	a)nemo/w	none-found	v1siia---
ἀποθνήσκων	a)poqnh/skw	none-found	v-sppamn-
ἀποθνῄσκων	a)poqnh/skw	none-found	v-sppamn-
ἀποτινύμενοι	a)po/-ti/numai	none-found	v-pppmmn-
ἀποτινύμενοι	a)po/-ti/numai	none-found	v-pppmmv-
ἀποτέθνασαν	a)poqnh/skw	none-found	v3plia---
ἀποέργει	a)po/-e)/rgnumi	none-found	v2spie---
ἀποέργει	a)po/-e)/rgnumi	none-found	v3spia---
ἀποέργει	a)po/-e)rge/w	none-found	v2spma---
ἀποέργει	a)po/-e)rge/w	none-found	v3siia---
ἀπριάτην	a)pri/atos	none-found	a-s---fa-
ἀπάφοιτο	a)po/-a)fi/hmi	none-found	v3saom---
ἀπάφοιτο	a)po/-a)pafi/skw	none-found	v3saom---
ἀπόπροθεν	a)po/proqen	none-found	d--------
ἀργυρόπεζα	a)rguro/pezos	none-found	n-p---nn-
ἀργυρόπεζα	a)rguro/pezos	none-found	n-p---nv-
ἀργυρόπεζα	a)rguro/pezos	none-found	n-p---na-
ἀρείων	a)re/m	none-found	n-p---fg-
ἀσχάλλῃς	a)sxa/llw	none-found	v2spsa---
ἀτυζομένων	a)tu/zw	none-found	v-pppefg-
ἀτυζομένων	a)tu/zw	none-found	v-pppemg-
ἀτυζομένων	a)tu/zw	none-found	v-pppeng-
ἀτυζόμεναι	a)tu/zw	none-found	v-pppefn-
ἀτυζόμεναι	a)tu/zw	none-found	v-pppefv-
ἀφίξεαι	a)fi/zw	none-found	v2sasm---
ἀφίξεαι	a)fi/zw	none-found	v2sfim---
ἁπάντῃ	a(pa/nth|	none-found	d--------
ἄκλαυτον	a)/klaustos	none-found	n-s---ma-
ἄκλαυτον	a)/klaustos	none-found	n-s---fa-
ἄκλαυτον	a)/klaustos	none-found	n-s---nn-
ἄκλαυτον	a)/klaustos	none-found	n-s---nv-
ἄκλαυτον	a)/klaustos	none-found	n-s---na-
ἄκοιτιν	a)/koitis	none-found	n-s---fa-
ἄκοιτις	a)/koitis	none-found	n-s---fn-
ἄλλου	a)/llou	none-found	d--------
ἄλυξαν	a)lu/zw	none-found	v3paia---
ἄλυξαν	a)lu/zw	none-found	v3paia---
ἄλυξεν	a)lu/zw	none-found	v3saia---
ἄλυξεν	a)lu/zw	none-found	v3saia---
ἄμοτον	a)/motos	none-found	n-s---ma-
ἄμοτον	a)/motos	none-found	n-s---fa-
ἄμοτον	a)/motos	none-found	n-s---nn-
ἄμοτον	a)/motos	none-found	n-s---nv-
ἄμοτον	a)/motos	none-found	n-s---na-
ἄρσας	a)/rshs	none-found	n-p---ma-
ἄρσας	a)/rshs	none-found	n-s---mn-
Ἀγαμεμνονέην	*)agamemno/neos	none-found	a-s---fa-
Ἀγαμεμνονίδης	*)agamemnoni/dhs	none-found	n-s---mn-
Ἀγέλαε	*)age/laos	none-found	n-s---mv-
Ἀγέλαος	*)age/laos	none-found	n-s---mn-
Ἀγέλεως	*)age/lews	none-found	n-s---mn-
Ἀδρήστη	*)adrh/sth	none-found	n-s---fn-
Ἀδρήστη	*)adrh/sth	none-found	n-s---fv-
Ἀθηνέων	*)aqh/neus	none-found	n-p---mg-
Ἀθήνη	*)aqh/neus	none-found	n-d---mn-
Ἀθήνη	*)aqh/neus	none-found	n-d---mv-
Ἀθήνη	*)aqh/neus	none-found	n-d---ma-
Ἀθήνη	*)aqh/neus	none-found	n-s---ma-
Ἀθήνης	*)aqh/neus	none-found	n-p---mn-
Ἀθήνης	*)aqh/neus	none-found	n-p---mn-
Ἀθήνης	*)aqh/neus	none-found	n-p---mv-
Ἀθήνῃ	*)aqh/neus	none-found	n-s---md-
Ἀκρόνεώς	*)akro/news	none-found	n-s---mn-
Ἀκτορίς	*)aktori/s	none-found	n-s---fn-
Ἀλκιμίδης	*)alkimi/dhs	none-found	n-s---mn-
Ἀλκινόοιο	*)alki/noos	none-found	n-s---mg-
Ἀλκινόοιο	*)alki/noos	none-found	n-s---mg-
Ἀλκινόου	*)alki/noos	none-found	n-s---mg-
Ἀλκινόου	*)alki/noos	none-found	n-s---mg-
Ἀλκινόῳ	*)alki/noos	none-found	n-s---md-
Ἀλκινόῳ	*)alki/noos	none-found	n-s---md-
Ἀλκμαίων	*)alkmai/wn	none-found	n-s---mn-
Ἀλκμαίων	*)alkmai/wn	none-found	n-s---mv-
Ἀλκμαίων	*)alkmai/wn	none-found	n-s---mn-
Ἀλκμαίων	*)alkmai/wn	none-found	n-s---mv-
Ἀλκμήνη	*)alkmh/nh	none-found	n-s---fn-
Ἀλκμήνη	*)alkmh/nh	none-found	n-s---fv-
Ἀλκμήνην	*)alkmh/nh	none-found	n-s---fa-
Ἀλκάνδρη	*)alka/ndrh	none-found	n-s---fn-
Ἀλκάνδρη	*)alka/ndrh	none-found	n-s---fv-
Ἀλκίνοε	*)alki/noos	none-found	n-s---mv-
Ἀλκίνοε	*)alki/noos	none-found	n-s---mv-
Ἀλκίνοον	*)alki/noos	none-found	n-s---ma-
Ἀλκίνοον	*)alki/noos	none-found	n-s---ma-
Ἀλκίνοος	*)alki/noos	none-found	n-s---mn-
Ἀλκίνοος	*)alki/noos	none-found	n-s---mn-
Ἀλκίνοόν	*)alki/noos	none-found	n-s---ma-
Ἀλκίνοόν	*)alki/noos	none-found	n-s---ma-
Ἀλκίνο’	*)alki/noos	none-found	n-s---mv-
Ἀλκίνο’	*)alki/noos	none-found	n-s---mv-
Ἀλκίνο’	*)alkino/h	none-found	n-p---fn-
Ἀλκίνο’	*)alkino/h	none-found	n-p---fv-
Ἀλκίππη	*)alki/pph	none-found	n-s---fn-
Ἀλκίππη	*)alki/pph	none-found	n-s---fv-
Ἀλφειός	*)alfeio/s	none-found	n-s---mn-
Ἀλύβαντος	*)/alubas	none-found	n-s---mg-
Ἀμνισῷ	*)amniso/s	none-found	n-s---fd-
Ἀμυθάονά	*)amuqa/wn	none-found	n-s---ma-
Ἀμφιθέη	*)amfiqe/h	none-found	n-s---fn-
Ἀμφιθέη	*)amfiqe/h	none-found	n-s---fv-
Ἀμφιμέδοντα	*)amfime/dwn	none-found	n-s---ma-
Ἀμφιμέδοντος	*)amfime/dwn	none-found	n-s---mg-
Ἀμφιμέδων	*)amfime/dwn	none-found	n-s---mn-
Ἀμφινόμοιο	*)amfi/nomos	none-found	n-s---mg-
Ἀμφινόμου	*)amfi/nomos	none-found	n-s---mg-
Ἀμφινόμῳ	*)amfi/nomos	none-found	n-s---md-
Ἀμφιτρύωνος	*)amfitru/wn	none-found	n-s---mg-
Ἀμφίλοχός	*)amfi/loxos	none-found	n-s---mn-
Ἀμφίμεδον	*)amfime/dwn	none-found	n-s---mv-
Ἀμφίνομος	*)amfi/nomos	none-found	n-s---mn-
Ἀμφίνομ’	*)amfi/nomos	none-found	n-s---mv-
Ἀμφίονος	*)amfi/wn	none-found	n-s---mg-
Ἀμφίονά	*)amfi/wn	none-found	n-s---ma-
Ἀναβησίνεώς	*)anabhsi/news	none-found	n-s---mn-
Ἀνδραίμονος	*)andrai/mwn	none-found	n-s---mg-
Ἀντιλόχοιο	*)anti/loxos	none-found	n-s---mg-
Ἀντιφατῆα	*)antifa/ths-pl	none-found	n-s---ma-
Ἀντιφάταο	*)antifa/ths	none-found	n-s---mg-
Ἀντιφάτην	*)antifa/ths	none-found	n-s---ma-
Ἀντιφάτης	*)antifa/ths	none-found	n-s---mn-
Ἀντιόπην	*)antio/ph	none-found	n-s---fa-
Ἀντίκλεια	*)anti/kleia	none-found	n-s---fn-
Ἀντίκλεια	*)anti/kleia	none-found	n-s---fv-
Ἀντίλοχον	*)anti/loxos	none-found	n-s---ma-
Ἀντίλοχος	*)anti/loxos	none-found	n-s---mn-
Ἀντίνο’	*)antino/h	none-found	n-p---fn-
Ἀντίνο’	*)antino/h	none-found	n-p---fv-
Ἀρητιάδαο	*)arhtia/dhs	none-found	n-s---mg-
Ἀριάδνην	*)aria/dnh	none-found	n-s---fa-
Ἀρκεισιάδαο	*)arkeisia/dhs	none-found	n-s---mg-
Ἀρκεισιάδη	*)arkeisia/dhs	none-found	n-s---mv-
Ἀρκεισιάδην	*)arkeisia/dhs	none-found	n-s---ma-
Ἀρκεισίου	*)arkei/sios	none-found	n-s---mg-
Ἀρκείσιος	*)arkei/sios	none-found	n-s---mn-
Ἀρναῖος	*)arnai=os	none-found	n-s---mn-
Ἀρτακίην	*)artaki/h	none-found	n-s---fa-
Ἀρήτη	*)arh/th	none-found	n-s---fn-
Ἀρήτη	*)arh/th	none-found	n-s---fv-
Ἀρήτην	*)arh/th	none-found	n-s---fa-
Ἀρήτης	*)arh/th	none-found	n-s---fg-
Ἀρήτῃ	*)arh/th	none-found	n-s---fd-
Ἀρύβαντος	*)aru/bas	none-found	n-s---mg-
Ἀστερίς	*)asteri/s	none-found	n-s---fn-
Ἀσφαλίων	*)asfali/wn	none-found	n-s---mn-
Ἀσφαλίων	*)asfali/wn	none-found	n-s---mv-
Ἀσωποῖο	*)aswpo/s	none-found	n-s---mg-
Ἀτρέος	*)atreu/s	none-found	n-s---mg-
Ἀφείδαντος	*)afei/das	none-found	n-s---mg-
Ἀχαιιάδων	*)axaiia/s	none-found	n-p---fg-
Ἀχαιϊάδων	*)axaiia/s	none-found	n-p---fg-
Ἁλιθέρσης	*(aliqe/rshs	none-found	n-p---ma-
Ἁλιθέρσης	*(aliqe/rshs	none-found	n-p---mn-
Ἁλιθέρσης	*(aliqe/rshs	none-found	n-p---mv-
Ἁλιθέρσης	*(aliqe/rshs	none-found	n-s---mn-
Ἁλιθέρσης	*)aliqe/rshs	none-found	n-s---mn-
Ἄντικλος	*)/antiklos	none-found	n-s---mn-
Ἄντιφος	*)/antifos	none-found	n-s---mn-
Ἄρει	*)/areus	none-found	n-s---md-
Ἄρει	*)/areus	none-found	n-s---md-
Ἄρει	a)re/m	none-found	n-s---fv-
Ἄρει	a)re/m	none-found	n-s---fd-
Ἄρεος	*)/areus	none-found	n-s---mg-
Ἄρηα	*)/areus	none-found	n-s---ma-
Ἄρηος	*)/areus	none-found	n-s---mg-
Ἄρηϊ	*)/areus	none-found	n-s---md-
ἐγγύαι	e)ggu/a	none-found	n-s---fd-
ἐγεγώνει	gegwne/w	none-found	v3siia---
ἐγεγώνευν	gegwne/w	none-found	v3piia---
ἐγεγώνευν	gegwne/w	none-found	v1siia---
ἐγκάτθετο	e)gkatati/qemai	none-found	v3saim---
ἐγήρα	ghra/w	none-found	v3siia---
ἐδινεόμεσθα	dine/w	none-found	v1piie---
ἐκαίνυτο	kai/numai	none-found	v3siie---
ἐκέκαστο	kai/numai	none-found	v3slie---
ἐλεφαίρονται	e)lefai/rw	none-found	v3ppie---
ἐλλίσσετο	e)n-li/ssomai	none-found	v3siie---
ἐμισγόμεθ’	mi/gnumi	none-found	v1piie---
ἐμπλησέμεν	e)mpi/plhmi	none-found	v--fna---
ἐμπλήσαντες	e)mpi/plhmi	none-found	v-papamn-
ἐμπλήσαντες	e)mpi/plhmi	none-found	v-papamv-
ἐμπλήσας	e)mpi/plhmi	none-found	v-sapamn-
ἐμπλήσας	e)mpi/plhmi	none-found	v-sapamv-
ἐμπλήσατο	e)mpi/plhmi	none-found	v3saim---
ἐμίγη	mi/gnumi	none-found	v3saip---
ἐμίγη	mi/gnumi	none-found	v3saip---
ἐμίσγετο	mi/gnumi	none-found	v3siie---
ἐμίχθη	mi/gnumi	none-found	v3saip---
ἐνιπλησθῆναι	e)mpi/plhmi	none-found	v--anp---
ἐνιπλήσωσιν	e)mpi/plhmi	none-found	v3pasa---
ἐνιπλήσῃς	e)mpi/plhmi	none-found	v2sasa---
ἐνταυθοῖ	e)ntauqoi=	none-found	d--------
ἐντυναμένη	tu/nw	none-found	v-sapmfn-
ἐντυναμένη	tu/nw	none-found	v-sapmfv-
ἐντυνόμενοι	tu/nw	none-found	v-pppemn-
ἐντυνόμενοι	tu/nw	none-found	v-pppemv-
ἐντυνώμεθα	tu/nw	none-found	v1pasm---
ἐντυνώμεθα	tu/nw	none-found	v1ppse---
ἐντύνεαι	tu/nw	none-found	v2sfim---
ἐντύνεαι	tu/nw	none-found	v2sasm---
ἐντύνεαι	tu/nw	none-found	v2spie---
ἐντύνοντο	tu/nw	none-found	v3piie---
ἐνέπλησάν	e)mpi/plhmi	none-found	v3paia---
ἐξαπόλωλε	e)capo/llumi	none-found	v2srma---
ἐξαπόλωλε	e)capo/llumi	none-found	v3sria---
ἐπαΐξανθ’	e)pa/|ssw	none-found	v-papann-
ἐπαΐξανθ’	e)pa/|ssw	none-found	v-papanv-
ἐπαΐξανθ’	e)pa/|ssw	none-found	v-papana-
ἐπαΐξανθ’	e)pa/|ssw	none-found	v-sapama-
ἐπαΐξανθ’	e)pa/|ssw	none-found	v-sapamd-
ἐπαΐξανθ’	e)pa/|ssw	none-found	v-sapand-
ἐπαΐξανθ’	e)pa/|ssw	none-found	v-dapamn-
ἐπαΐξανθ’	e)pa/|ssw	none-found	v-dapamv-
ἐπαΐξανθ’	e)pa/|ssw	none-found	v-dapama-
ἐπαΐξανθ’	e)pa/|ssw	none-found	v-dapann-
ἐπαΐξανθ’	e)pa/|ssw	none-found	v-dapanv-
ἐπαΐξανθ’	e)pa/|ssw	none-found	v-dapana-
ἐπαΐξανθ’	e)pa/|ssw	none-found	v3paim---
ἐπαῖξαι	e)pa/|ssw	none-found	v--ana---
ἐπελήθετο	e)pilanqa/nomai	none-found	v3siie---
ἐπεντύνονται	e)pentu/nw	none-found	v3ppie---
ἐπενήνοθεν	e)pi/-e)nh/noqe	none-found	v3sria---
ἐπενήνοθεν	e)pi/-e)nh/noqe	none-found	v3plia---
ἐπεῖχε	e)pw/xato	none-found	v3siia---
ἐπεῴκει	e)pe/oike	none-found	v3slia---
ἐπιθεῖτε	piqe/w	none-found	v2piia---
ἐπιλλίζουσιν	e)pi/-e)pilli/zw	none-found	v-pppamd-
ἐπιλλίζουσιν	e)pi/-e)pilli/zw	none-found	v-pppand-
ἐπιλλίζουσιν	e)pi/-e)pilli/zw	none-found	v3ppia---
ἐπιλλίζουσιν	e)pi/-i)lli/zw	none-found	v-pppamd-
ἐπιλλίζουσιν	e)pi/-i)lli/zw	none-found	v-pppand-
ἐπιλλίζουσιν	e)pi/-i)lli/zw	none-found	v3ppia---
ἐπιλήσεται	e)pilanqa/nomai	none-found	v3sasm---
ἐπιλήσεται	e)pilanqa/nomai	none-found	v3sfim---
ἐπισταμένως	e)pistame/nws	none-found	d--------
ἐπισχόμενος	e)pw/xato	none-found	v-sapmmn-
ἐπιτροχάδην	e)pitroxa/dh	none-found	d--------
ἐπονεῖτο	pone/omai	none-found	v3siie---
ἐπέλησεν	e)pilanqa/nomai	none-found	v3saia---
ἐπέοικε	e)pe/oike	none-found	v2srma---
ἐπέοικε	e)pe/oike	none-found	v3sria---
ἐπέοικεν	e)pe/oike	none-found	v3sria---
ἐπέοικεν	e)pe/oike	none-found	v3plia---
ἐπέοιχ’	e)pe/oike	none-found	v1sria---
ἐπέοιχ’	e)pe/oike	none-found	v2srma---
ἐπέοιχ’	e)pe/oike	none-found	v3sria---
ἐπέσχε	e)pw/xato	none-found	v3saia---
ἐπέχεις	e)pw/xato	none-found	v2spia---
ἐπήν	e)ph/n	none-found	c--------
ἐπίληθον	e)pilanqa/nomai	none-found	v3piia---
ἐπίληθον	e)pilanqa/nomai	none-found	v1siia---
ἐπίσχετε	e)pw/xato	none-found	v2pama---
ἐπίσχετε	e)pw/xato	none-found	v2paia---
ἐρέει	e)ra/omai	none-found	v2spie---
ἐρέει	e)re/omai	none-found	v2spie---
ἐρέεσθαι	e)ra/omai	none-found	v--pne---
ἐρέεσθαι	e)re/omai	none-found	v--pne---
ἐρέοντο	e)ra/omai	none-found	v3piie---
ἐρέοντο	e)re/omai	none-found	v3piie---
ἐρέοντο	r(e/omai	none-found	v3piie---
ἐρέωμαι	e)ra/omai	none-found	v1spse---
ἐρέωμαι	e)re/omai	none-found	v1spse---
ἐρήμην	e)ra/omai	none-found	v1siie---
ἐρίοιο	e)ra/omai	none-found	v2spoe---
ἐρίοιο	e)re/omai	none-found	v2spoe---
ἐρώμεθα	e)ra/omai	none-found	v1ppse---
ἐρώμεθα	e)ra/omai	none-found	v1ppie---
ἐρώμεθα	e)ra/omai	none-found	v1ppse---
ἐρώμεθα	e)ra/omai	none-found	v1piie---
ἐρώμεθα	e)re/omai	none-found	v1ppse---
ἐσκέδασσεν	ei)s-keda/nnumi	none-found	v3saia---
ἐσσεύοντο	ei)s-seu/w	none-found	v3piie---
ἐσσομένοισι	e)/ssomai	none-found	v-pppemd-
ἐσσομένοισι	e)/ssomai	none-found	v-pppend-
ἐσσομένοισιν	e)/ssomai	none-found	v-pppemd-
ἐσσομένοισιν	e)/ssomai	none-found	v-pppend-
ἐσσομένῃσιν	e)/ssomai	none-found	v-pppefd-
ἐσσόμεθ’	e)/ssomai	none-found	v1ppie---
ἐσσόμεθ’	e)/ssomai	none-found	v1piie---
ἐσφόρεον	e)sfore/w	none-found	v3piia---
ἐσφόρεον	e)sfore/w	none-found	v1siia---
ἐσάντα	ei)s-a)nta/w	none-found	v3siia---
ἐσάντα	ei)s-a)nta/w	none-found	v2spma---
ἐσάντα	ei)s-a)nta/w	none-found	v3siia---
ἐσάωθεν	sw/zw	none-found	v3paip---
ἐσάωσα	sw/zw	none-found	v1saia---
ἐσάωσε	sw/zw	none-found	v3saia---
ἐσάωσεν	sw/zw	none-found	v3saia---
ἐσίδεσκεν	ei)s-i)de/w	none-found	v3siia---
ἐυλείμων	eu)lei/mwn	none-found	n-s---mn-
ἐυλείμων	eu)lei/mwn	none-found	n-s---fn-
ἐφάμην	e)fama/w	none-found	v3piia---
ἐφάμην	e)fama/w	none-found	v1siia---
ἐφέψειν	e)pi/-e(/yw	none-found	v--pna---
ἐφήμενοι	e)pi/-h(=mai	none-found	v-prpmmn-
ἐφήμενοι	e)pi/-h(=mai	none-found	v-prpmmv-
ἐφήμενος	e)pi/-h(=mai	none-found	v-srpmmn-
ἐχολώσατο	xolo/omai	none-found	v3saie---
ἐϋρρείτην	e)u/rreitos	none-found	a-s---fa-
ἐέργνυ	e)/rgnumi	none-found	v3siia---
ἐέργνυ	e)/rgnumi	none-found	v3siia---
ἐέρση	e)/rsa	none-found	n-s---fn-
ἐέρση	e)/rsa	none-found	n-s---fv-
ἐέρση	e)/rse	none-found	v3saia---
ἐέρση	e)/rse	none-found	v3saia---
ἐέρχατο	e)/rgnumi	none-found	v3plie---
ἐῳνοχόει	oi)noxoe/w	none-found	v3siia---
ἑρμῖν’	e(rmi/s	none-found	n-s---ma-
ἑρμῖν’	e(rmi/s	none-found	n-s---md-
ἑρμῖν’	e(rmi/s	none-found	n-d---mn-
ἑρμῖν’	e(rmi/s	none-found	n-d---mv-
ἑρμῖν’	e(rmi/s	none-found	n-d---ma-
ἑρμῖσιν	e(rmi/s	none-found	n-p---md-
ἑτέρη	e(tere/w	none-found	v2spma---
ἑτέρη	e(tere/w	none-found	v3siia---
ἑτέρως	e(te/rws	none-found	d--------
ἔγημεν	e)/ssomai	none-found	v1paie---
ἔθανεν	qnh/skw	none-found	v3saia---
ἔθαν’	qnh/skw	none-found	v3saia---
ἔθ’	e)/tai	none-found	n-p---mn-
ἔθ’	e)/tai	none-found	n-p---mv-
ἔκθανον	e)kqnh/skw	none-found	v3paia---
ἔκθανον	e)kqnh/skw	none-found	v1saia---
ἔλων	lo/w	none-found	v3piia---
ἔλων	lo/w	none-found	v1siia---
ἔμικτο	mi/gnumi	none-found	v3saip---
ἔμιξαν	mi/gnumi	none-found	v3paia---
ἔμισγον	mi/gnumi	none-found	v3piia---
ἔμισγον	mi/gnumi	none-found	v1siia---
ἔμμαθεν	e)n-manqa/nw	none-found	v3saia---
ἔμμαθες	e)n-manqa/nw	none-found	v2saia---
ἔμπληντο	e)mpi/plhmi	none-found	v3paim---
ἔμπλησον	e)mpi/plhmi	none-found	v2sama---
ἔντυνον	tu/nw	none-found	v2sama---
ἔντυνον	tu/nw	none-found	v3piia---
ἔντυνον	tu/nw	none-found	v1siia---
ἔντυον	tu/nw	none-found	v3piia---
ἔντυον	tu/nw	none-found	v1siia---
ἔξω	e)/ssomai	none-found	v2saie---
ἔπεχεν	e)pw/xato	none-found	v3siia---
ἔπιον	e)/pion	none-found	n-s---nn-
ἔπιον	e)/pion	none-found	n-s---nv-
ἔπιον	e)/pion	none-found	n-s---na-
ἔπιόν	e)/pion	none-found	n-s---nn-
ἔπιόν	e)/pion	none-found	n-s---nv-
ἔπιόν	e)/pion	none-found	n-s---na-
ἔπορον	po/rw	none-found	v3paia---
ἔπορον	po/rw	none-found	v1saia---
ἔπορ’	po/rw	none-found	v3saia---
ἔπταρεν	ptai/rw%	none-found	v3saia---
ἔραζε	e)/raze	none-found	d--------
ἔργοισι	e)/rgnumi	none-found	v-pppamd-
ἔργοισι	e)/rgnumi	none-found	v-pppand-
ἔργοισιν	e)/rgnumi	none-found	v-pppamd-
ἔργοισιν	e)/rgnumi	none-found	v-pppand-
ἔργον	e)/rgnumi	none-found	v-sppamv-
ἔργον	e)/rgnumi	none-found	v-sppann-
ἔργον	e)/rgnumi	none-found	v-sppanv-
ἔργον	e)/rgnumi	none-found	v-sppana-
ἔργου	e)/rgnumi	none-found	v2siie---
ἔργων	e)/rgnumi	none-found	v-sppamn-
ἔρξαι	e)/rgnumi	none-found	v2srie---
ἔρξ’	e)/rgnumi	none-found	v2slie---
ἔρξ’	e)/rgnumi	none-found	v2srme---
ἔρξ’	e)/rgnumi	none-found	v2srie---
ἔρχαται	e)/rgnumi	none-found	v3prie---
ἔρχατο	e)/rgnumi	none-found	v3plie---
ἔσσεαι	e)/ssomai	none-found	v2spie---
ἔσσεσθαι	e)/ssomai	none-found	v--pne---
ἔσσεται	e)/ssomai	none-found	v3spie---
ἔσσετ’	e)/ssomai	none-found	v3spie---
ἔσσετ’	e)/ssomai	none-found	v3siie---
ἔσσονται	e)/ssomai	none-found	v3ppie---
ἔσχεθε	sxe/qw%	none-found	v3saia---
ἔσχεθεν	sxe/qw%	none-found	v3saia---
ἔσχεθον	sxe/qw%	none-found	v3paia---
ἔσχεθον	sxe/qw%	none-found	v1saia---
ἔται	e)/tai	none-found	n-p---mn-
ἔται	e)/tai	none-found	n-p---mv-
ἔτῃσιν	e)/tai	none-found	n-p---md-
ἕρσαι	e)/rsa	none-found	n-p---fn-
ἕρσαι	e)/rsa	none-found	n-p---fv-
ἕρσαι	e)/rsa	none-found	n-s---fd-
Ἐλπήνορα	*)elph/nwr	none-found	n-s---ma-
Ἐλπήνορος	*)elph/nwr	none-found	n-s---mg-
Ἐλπήνωρ	*)elph/nwr	none-found	n-s---mn-
Ἐνιπῆος	*)enipeu/s	none-found	n-s---mg-
Ἐπειοί	*)epeio/s	none-found	a-p---mn-
Ἐπειοί	*)epeio/s	none-found	a-p---mv-
Ἐπειοί	*)epeioi/	none-found	a-p---mn-
Ἐπειοί	*)epeioi/	none-found	a-p---mv-
Ἐπειός	*)epeio/s	none-found	a-s---mn-
Ἐπειός	*)epeio/s	none-found	n-s---mn-
Ἐπειός	*)epeio/s	none-found	n-s---fn-
Ἐπειός	*)epeioi/	none-found	a-s---mn-
Ἐπικάστην	*)ioka/sth	none-found	n-s---fa-
Ἐπήριτος	*)eph/ritos	none-found	n-s---mn-
Ἐρεμβούς	*)eremboi/	none-found	n-p---ma-
Ἐρετμεύς	*)eretmeu/s	none-found	n-s---mn-
Ἐριφύλην	*)erifu/lh	none-found	n-s---fa-
Ἐρύμανθον	*)eru/manqos	none-found	n-s---ma-
Ἐρύμανθον	*)eruma/nqos	none-found	n-s---ma-
Ἐτεωνεύς	*)etewneu/s	none-found	n-s---mn-
Ἐτεωνεῦ	*)etewneu/s	none-found	n-s---mv-
Ἐχένηος	*)exe/nhos	none-found	n-s---mn-
Ἑρμεία	*(ermh=s-pl	none-found	n-d---mn-
Ἑρμεία	*(ermh=s-pl	none-found	n-d---mv-
Ἑρμεία	*(ermh=s-pl	none-found	n-d---ma-
Ἑρμεία	*(ermh=s-pl	none-found	n-s---mv-
Ἑρμεία	*(ermh=s-pl	none-found	n-s---mg-
Ἑρμείαν	*(ermh=s-pl	none-found	n-s---ma-
Ἑρμείαο	*(ermh=s-pl	none-found	n-s---mg-
Ἑρμείας	*(ermh=s-pl	none-found	n-p---ma-
Ἑρμείας	*(ermh=s-pl	none-found	n-s---mn-
Ἑρμιόνην	*(ermio/nh	none-found	n-s---fa-
Ἔχετον	*)/exetos	none-found	n-s---ma-
ἠελίοιο	h)e/lios	none-found	n-s---mg-
ἠελίου	h)e/lios	none-found	n-s---mg-
ἠελίῳ	h)e/lios	none-found	n-s---md-
ἠνορέῃ	h)nore/a	none-found	n-s---fd-
ἠρήσαντο	e)ra/omai	none-found	v3paie---
ἠρήσαντο	e)re/omai	none-found	v3paie---
ἠρήσατο	e)ra/omai	none-found	v3saie---
ἠρήσατο	e)re/omai	none-found	v3saie---
ἠρώμην	e)ra/omai	none-found	v1siie---
ἠρᾶτο	e)ra/omai	none-found	v3siie---
ἠρῶ	e)ra/omai	none-found	v2siie---
ἠέλιον	h)e/lios	none-found	n-s---ma-
ἠέλιος	h)e/lios	none-found	n-s---mn-
ἠέλιόν	h)e/lios	none-found	n-s---ma-
ἠΐων	h)=|a	none-found	n-p---ng-
ἡβῶν	h(bo/s	none-found	a-p---fg-
ἡβῶν	h(bo/s	none-found	a-p---mg-
ἡβῶν	h(bo/s	none-found	a-p---ng-
ἤια	h)=|a	none-found	n-p---nn-
ἤια	h)=|a	none-found	n-p---nv-
ἤια	h)=|a	none-found	n-p---na-
ἤι’	h)=|a	none-found	n-p---nn-
ἤι’	h)=|a	none-found	n-p---nv-
ἤι’	h)=|a	none-found	n-p---na-
ἤλθεθ’	a)/lqomai	none-found	v3siie---
ἤλυξα	a)lu/zw	none-found	v1saia---
ἤλυξαν	a)lu/zw	none-found	v3paia---
ἤπαφε	a)po/-a)pafi/skw	none-found	v3saia---
ἤπειρόνδε	h)/peiro/nde	none-found	d--------
ἤρατο	e)ra/omai	none-found	v3slie---
ἤρατο	e)ra/omai	none-found	v3slie---
ἤρατο	e)ra/omai	none-found	v3siie---
ἤρατο	e)re/omai	none-found	v3slie---
ἤρατ’	e)ra/omai	none-found	v3slie---
ἤρατ’	e)ra/omai	none-found	v3slie---
ἤρατ’	e)ra/omai	none-found	v3siie---
ἤρατ’	e)ra/omai	none-found	v3srie---
ἤρατ’	e)ra/omai	none-found	v3srie---
ἤρατ’	e)re/omai	none-found	v3slie---
ἤρατ’	e)re/omai	none-found	v3srie---
ἤρα’	e)ra/omai	none-found	v2srie---
ἤρα’	e)ra/omai	none-found	v2srie---
ἤρα’	e)re/omai	none-found	v2srie---
ἦγεν	e)/ssomai	none-found	v3paie---
Ἠελίοιο	h)e/lios	none-found	n-s---mg-
Ἠελίου	h)e/lios	none-found	n-s---mg-
Ἠελίῳ	h)e/lios	none-found	n-s---md-
Ἠέλιος	h)e/lios	none-found	n-s---mn-
Ἠέλι’	h)e/lios	none-found	n-s---mv-
Ἤλιδα	*)=hlis	none-found	n-s---fa-
Ἤλιδος	*)=hlis	none-found	n-s---fg-
Ἤλιδ’	*)=hlis	none-found	n-s---fa-
Ἤλιδ’	*)=hlis	none-found	n-s---fd-
Ἤλιδ’	*)=hlis	none-found	n-d---fn-
Ἤλιδ’	*)=hlis	none-found	n-d---fv-
Ἤλιδ’	*)=hlis	none-found	n-d---fa-
ἰδεῖν	i)de/w	none-found	v--pna---
ἰδοίατο	i)de/w	none-found	v3ppoe---
ἰδοῦσα	i)de/w	none-found	v-sppafn-
ἰδοῦσα	i)de/w	none-found	v-sppafv-
ἰδοῦσαι	i)de/w	none-found	v-pppafn-
ἰδοῦσαι	i)de/w	none-found	v-pppafv-
ἰδοῦσά	i)de/w	none-found	v-sppafn-
ἰδοῦσά	i)de/w	none-found	v-sppafv-
ἰδέειν	i)de/w	none-found	v--pna---
ἰδώμεθα	i)de/w	none-found	v1ppse---
ἱεράς	i(erai/	none-found	n-p---fa-
ἱεράων	i(erai/	none-found	n-p---fg-
ἱερῶν	i(erai/	none-found	n-p---fg-
ἱρεύεσκον	i(reu/w	none-found	v3piia---
ἱρεύεσκον	i(reu/w	none-found	v1siia---
ἱρεύουσ’	i(reu/w	none-found	v-sppafn-
ἱρεύουσ’	i(reu/w	none-found	v-sppafv-
ἱρεύουσ’	i(reu/w	none-found	v-pppamd-
ἱρεύουσ’	i(reu/w	none-found	v-pppand-
ἱρεύουσ’	i(reu/w	none-found	v3ppia---
ἱρεύουσ’	i(reu/w	none-found	v-pppafn-
ἱρεύουσ’	i(reu/w	none-found	v-pppafv-
ἱρεύσασθαι	i(reu/w	none-found	v--anm---
ἴδηαι	i)de/w	none-found	v2srie---
ἴδηθ’	i)de/w	none-found	v3slie---
ἴδηθ’	i)de/w	none-found	v3srie---
ἴδησθε	i)de/w	none-found	v2plie---
ἴδησθε	i)de/w	none-found	v2prme---
ἴδησθε	i)de/w	none-found	v2prie---
ἴδηται	i)de/w	none-found	v3srie---
ἴδιον	i)de/w	none-found	v3piia---
ἴδιον	i)de/w	none-found	v1siia---
ἴδοιεν	i)de/w	none-found	v3ppoa---
ἴδοιτ’	i)de/w	none-found	v2ppoa---
ἴσκε	i)/ske	none-found	v3saia---
ἴσκεν	i)/ske	none-found	v3saia---
ἵει	i(e/w	none-found	v3siia---
ἵει	i(e/w	none-found	v2spma---
ἵει	i(e/w	none-found	v3siia---
ἵρευον	i(reu/w	none-found	v3piia---
ἵρευον	i(reu/w	none-found	v1siia---
ἵρευον	i(reu/w	none-found	v3piia---
ἵρευον	i(reu/w	none-found	v1siia---
Ἰαρδάνου	*)ia/rdanos	none-found	n-s---mg-
Ἰαρδάνου	*)iarda/nhs	none-found	n-s---mg-
Ἰασίδαο	*)iasi/dhs	none-found	n-s---mg-
Ἰασίδῃ	*)iasi/dhs	none-found	n-s---md-
Ἰασίωνι	*)iasi/wn	none-found	n-s---md-
Ἰαωλκῷ	*)iawlko/s	none-found	n-s---md-
Ἰδομενεύς	*)idomeneu/s	none-found	n-s---mn-
Ἰδομενῆα	*)idomeneu/s	none-found	n-s---ma-
Ἰδομενῆος	*)idomeneu/s	none-found	n-s---mg-
Ἰδομενῆϊ	*)idomeneu/s	none-found	n-s---md-
Ἰδομενῆϊ	*)idomenh/	none-found	n-s---fd-
Ἰθακήσιοι	*)iqakh/sios	none-found	a-p---mn-
Ἰθακήσιοι	*)iqakh/sios	none-found	a-p---mv-
Ἰθακήσιος	*)iqakh/sios	none-found	a-s---mn-
Ἰθάκηνδε	*)iqa/khnde	none-found	d--------
Ἰθάκηνδ’	*)iqa/khnde	none-found	d--------
Ἰκμάλιος	*)ikma/lios	none-found	n-s---mn-
Ἰλιόθεν	*)ilio/qen	none-found	d--------
Ἰλιόθι	*)ilio/qi	none-found	d--------
Ἰσμάρῳ	*)/ismaros	none-found	n-s---md-
Ἰφθίμῃ	*)ifqi/mh	none-found	n-s---fd-
Ἰφικληείη	*)ifiklhei/h	none-found	n-s---fn-
Ἰφικληείη	*)ifiklhei/h	none-found	n-s---fv-
Ἰφικληείης	*)ifiklhei/h	none-found	n-s---fg-
Ἰφιμέδειαν	*)ifime/deia	none-found	n-s---fa-
Ἰήσων	*)ia/swn-pl	none-found	n-s---mn-
Ἰήσων	*)ia/swn-pl	none-found	n-s---mv-
Ἱπποδάμειαν	*(ippoda/meia	none-found	n-s---fa-
Ἱπποτάδαο	*(ippota/dhs	none-found	n-s---mg-
Ἱπποτάδης	*(ippota/dhs	none-found	n-s---mn-
Ἴασον	*)/iasos	none-found	n-s---ma-
Ἴασον	*)ia/swn	none-found	n-s---mv-
Ἴθακος	*)/iqakos	none-found	n-s---mn-
Ἴλου	*)/ilos	none-found	n-s---mg-
Ἴλου	*)=ilos	none-found	n-s---mg-
Ἴσμαρον	*)/ismaros	none-found	n-s---ma-
Ἴφιτον	*)/ifitos	none-found	n-s---ma-
Ἴφιτος	*)/ifitos	none-found	n-s---mn-
ὀνησόμεθ’	o)ne/omai	none-found	v1pase---
ὀνησόμεθ’	o)ne/omai	none-found	v1pfie---
ὀνήσει	o)ne/omai	none-found	v2sfie---
ὀπηδεῖ	o)pade/w	none-found	v2spie---
ὀπηδεῖ	o)pade/w	none-found	v3spia---
ὀπιπεύσεις	o)pipteu/w	none-found	v2sasa---
ὀπιπεύσεις	o)pipteu/w	none-found	v2sfia---
ὀπήδει	o)pade/w	none-found	v2spma---
ὀπήδει	o)pade/w	none-found	v3siia---
ὀπίσσω	o)pi/ssw	none-found	d--------
ὀρχήσασθαι	o)rxe/w	none-found	v--anm---
ὁμοκλέομεν	o(mokle/w	none-found	v1ppia---
ὁμοκλέομεν	o(mokle/w	none-found	v1piia---
ὁμοκλήσας	o(mokle/w	none-found	v-sapamn-
ὁμοκλήσας	o(mokle/w	none-found	v-sapamv-
ὁμόκλεον	o(mokle/w	none-found	v3piia---
ὁμόκλεον	o(mokle/w	none-found	v1siia---
ὁμόκλησαν	o(mokle/w	none-found	v3paia---
ὁπλοτάτη	o(plo/tatos	none-found	a-s---fn-
ὁπλοτάτη	o(plo/tatos	none-found	a-s---fv-
ὁπλοτάτην	o(plo/tatos	none-found	a-s---fa-
Ὀνητορίδην	*)onhtori/dhs	none-found	n-s---ma-
Ὀρμενίδης	*)ormeni/dhs	none-found	n-s---mn-
Ὀρσίλοχον	*)orsi/loxos	none-found	n-s---ma-
Ὀρτιλόχοιο	*)orti/loxos	none-found	n-s---mg-
Ὀϊκλείης	*)oi+kle/hs	none-found	n-s---mn-
Ὀϊκλῆα	*)oi+kle/hs	none-found	n-s---ma-
ὑπεδύσετο	u(podu/omai	none-found	v3saim---
ὑπεκλίνθη	u(pokli/nomai	none-found	v3saip---
ὑπερικταίνοντο	u(periktai/nomai	none-found	v3piie---
ὑπερικταίνοντο	u(periktai/nomai	none-found	v3piie---
ὑπερῷ’	u(perw/|h	none-found	n-p---fn-
ὑπερῷ’	u(perw/|h	none-found	n-p---fv-
ὑπισχόμεναι	u(po/-i)/sxw	none-found	v-pppefn-
ὑπισχόμεναι	u(po/-i)/sxw	none-found	v-pppefv-
ὑπνώοντας	u(pna/w	none-found	v-pppama-
ὑποδρώωσιν	u(podrw/w	none-found	v-pppamd-
ὑποδρώωσιν	u(podrw/w	none-found	v-pppand-
ὑποδρώωσιν	u(podrw/w	none-found	v3ppsa---
ὑποδρώωσιν	u(podrw/w	none-found	v3ppia---
ὑποδύσεαι	u(podu/omai	none-found	v2sasm---
ὑποδύσεαι	u(podu/omai	none-found	v2sfim---
ὑποδῦσα	u(podu/omai	none-found	v-sapafn-
ὑποδῦσα	u(podu/omai	none-found	v-sapafv-
ὑποκρίναιτο	u(pokri/nomai	none-found	v3saom---
ὑποκρίνασθαι	u(pokri/nomai	none-found	v--anm---
ὑποκρίνονται	u(pokri/nomai	none-found	v3ppie---
ὑποκυσαμένη	u(poku/omai	none-found	v-sapmfn-
ὑποκυσαμένη	u(poku/omai	none-found	v-sapmfv-
ὑποστορέσαι	u(po/-sto/rennumi	none-found	v--ana---
ὑποστορέσαι	u(po/-sto/rennumi	none-found	v3saoa---
ὑπέδυ	u(podu/omai	none-found	v3saia---
ὑπίσχεται	u(po/-i)/sxw	none-found	v3spie---
ὑπίσχομαι	u(po/-i)/sxw	none-found	v1spie---
ὑπόβρυχα	u(po/bruxos	none-found	d--------
ὑπόβρυχα	u(po/bruxos	none-found	n-p---nn-
ὑπόβρυχα	u(po/bruxos	none-found	n-p---nv-
ὑπόβρυχα	u(po/bruxos	none-found	n-p---na-
ὑπόδρα	u(podrw/w	none-found	v2spma---
ὑπόδρα	u(podrw/w	none-found	v3siia---
ὑπόκριναι	u(pokri/nomai	none-found	v2samm---
Ὑλακίδης	*(ulaki/dhs	none-found	n-s---mn-
Ὑπερείῃ	*(uperei/h	none-found	n-s---fd-
Ὑπερησίηνδ’	*(uperhsi/h	none-found	d--------
ὠρχείσθην	o)rxe/w	none-found	v3diie---
ὤκιστα	w)/kista	none-found	d--------
ὦλκα	w)/lc	none-found	n-s---fa-
ᾖα	h)=|a	none-found	n-p---nn-
ᾖα	h)=|a	none-found	n-p---nv-
ᾖα	h)=|a	none-found	n-p---na-
ᾤδεε	oi)da/w	none-found	v3siia---
ῥερυπωμένα	r(upo/omai	none-found	v-prpenn-
ῥερυπωμένα	r(upo/omai	none-found	v-prpenv-
ῥερυπωμένα	r(upo/omai	none-found	v-prpena-
ῥερυπωμένα	r(upo/omai	none-found	v-drpefn-
ῥερυπωμένα	r(upo/omai	none-found	v-drpefv-
ῥερυπωμένα	r(upo/omai	none-found	v-drpefa-
ῥερυπωμένα	r(upo/omai	none-found	v-srpefn-
ῥερυπωμένα	r(upo/omai	none-found	v-srpefv-
ῥεῖ’	r(e/omai	none-found	v2spoe---
ῥεῖ’	r(e/omai	none-found	v2spie---
ῥηθέντι	r(e/omai	none-found	v-sapemd-
ῥηθέντι	r(e/omai	none-found	v-sapend-
ῥηιδίως	r(h/|dios	none-found	x--------
ῥηιδίως	r(h/|dios	none-found	a-p---ma-
ῥηϊδίως	r(h/|dios	none-found	x--------
ῥηϊδίως	r(h/|dios	none-found	a-p---ma-
ῥηΐδιον	r(h/|dios	none-found	a-s---ma-
ῥηΐδιον	r(h/|dios	none-found	a-s---nn-
ῥηΐδιον	r(h/|dios	none-found	a-s---nv-
ῥηΐδιον	r(h/|dios	none-found	a-s---na-
ῥηΐδιόν	r(h/|dios	none-found	a-s---ma-
ῥηΐδιόν	r(h/|dios	none-found	a-s---nn-
ῥηΐδιόν	r(h/|dios	none-found	a-s---nv-
ῥηΐδιόν	r(h/|dios	none-found	a-s---na-
ῥινοί	r(ino/w	none-found	v2spse---
ῥινοί	r(ino/w	none-found	v2spie---
ῥινοί	r(ino/w	none-found	v3spsa---
ῥινοῖο	r(ino/w	none-found	v2spoe---
ῥινοῖσι	r(ino/w	none-found	v-pppamd-
ῥινοῖσι	r(ino/w	none-found	v-pppand-
ῥινοῖσι	r(ino/w	none-found	v3spsa---
ῥινοῖσι	r(ino/w	none-found	v3ppia---
ῥέει	r(e/omai	none-found	v2spie---
Ῥαδάμανθυν	*(rada/manqus	none-found	n-s---ma-
Ῥαδάμανθυς	*(rada/manqus	none-found	n-s---mn-
