’	e)\	- no urn found -	ἒ
Αἰσχύλε	*ai)sxu/los	- no urn found -	Αἰσχύλος
Αἰσχύλον	*ai)sxu/los	- no urn found -	Αἰσχύλος
Αἰσχύλος	*ai)sxu/los	- no urn found -	Αἰσχύλος
Αἰσχύλου	*ai)sxu/los	- no urn found -	Αἰσχύλος
Αἴολον	*ai)/olos	- no urn found -	Αἴολος
Βακχεῖ’	*bakxei=a	- no urn found -	Βακχεῖα
Βακχεῖ’	*bakxei=a	- no urn found -	Βακχεῖα
Βακχεῖ’	*bakxei=a	- no urn found -	Βακχεῖα
Βελλεροφόντας	*bellerofo/nths	- no urn found -	Βελλεροφόντης
Γλύκη	*glu/kh	- no urn found -	Γλύκη
Γλύκη	*glu/kh	- no urn found -	Γλύκη
Γλύκης	*glu/kh	- no urn found -	Γλύκη
Γοργόνες	*gorgo/nes	- no urn found -	Γοργόνες
Γοργόνες	*gorgo/nes	- no urn found -	Γοργόνες
Γοργόνες	*gorgw/n	- no urn found -	Γοργών
Γοργόνες	*gorgw/n	- no urn found -	Γοργών
Διαγόρας	*diago/ras	- no urn found -	Διαγόρας
Διαγόρας	*diago/ras	- no urn found -	Διαγόρας
Διονύσου	*dionu/sos	- no urn found -	Διονύσος
Διτύλας	*ditu/lhs	- no urn found -	Διτύλης
Διτύλας	*ditu/lhs	- no urn found -	Διτύλης
Δία	*di/h	- no urn found -	Δίη
Δία	*di/h	- no urn found -	Δίη
Δία	*di/on	- no urn found -	Δίον
Δία	*di/on	- no urn found -	Δίον
Δία	*di/on	- no urn found -	Δίον
Εὐριπίδη	*eu)ripi/dhs	- no urn found -	Εὐριπίδης
Εὐριπίδην	*eu)ripi/dhs	- no urn found -	Εὐριπίδης
Εὐριπίδης	*eu)ripi/dhs	- no urn found -	Εὐριπίδης
Εὐριπίδου	*eu)ripi/dhs	- no urn found -	Εὐριπίδης
Θηβαίους	*qhbai=os	- no urn found -	Θηβαῖος
Θηραμένης	*qhrame/nhs	- no urn found -	Θηραμένης
Θηραμένης	*qhrame/nhs	- no urn found -	Θηραμένης
Θηραμένης	*qhrame/nhs	- no urn found -	Θηραμένης
Θηραμένης	*qhrame/nhs	- no urn found -	Θηραμένης
Θηραμένους	*qhrame/nhs	- no urn found -	Θηραμένης
Θρῃκία	*qra|ki/a	- no urn found -	Θρᾳκία
Θρῃκία	*qra|ki/a	- no urn found -	Θρᾳκία
Θρῃκία	*qra|ki/a	- no urn found -	Θρᾳκία
Θρῃκία	*qra|ki/a	- no urn found -	Θρᾳκία
Θρῃκία	*qra|ki/a	- no urn found -	Θρᾳκία
Θρῃκία	*qra|ki/a	- no urn found -	Θρᾳκία
Θρῃκία	*qra|ki/a	- no urn found -	Θρᾳκία
Θρῃκία	*qra|ki/a	- no urn found -	Θρᾳκία
Θρῃκία	*qra|ki/a	- no urn found -	Θρᾳκία
Θρῃκία	*qra|ki/a	- no urn found -	Θρᾳκία
Θρῃκία	*qrh/|kios	- no urn found -	Θρῄκιος
Θρῃκία	*qrh/|kios	- no urn found -	Θρῄκιος
Θρῃκία	*qrh/|kios	- no urn found -	Θρῄκιος
Θρῃκία	*qrh/|kios	- no urn found -	Θρῄκιος
Θρῃκία	*qrh/|kios	- no urn found -	Θρῄκιος
Θωρυκίων	*qwruki/wn	- no urn found -	Θωρυκίων
Θωρυκίων	*qwruki/wn	- no urn found -	Θωρυκίων
Θάνατος	*qa/natos	- no urn found -	Θάνατος
Θήβας	*qh/bh	- no urn found -	Θήβη
Καλλίαν	*kalli/as	- no urn found -	Καλλίας
Καλλίαν	kalli/a	- no urn found -	καλλία
Κεραμεικόν	*kerameiko/s	- no urn found -	Κεραμεικός
Κεραμῆς	*keramei=s	- no urn found -	Κεραμεῖς
Κεραμῆς	*keramei=s	- no urn found -	Κεραμεῖς
Κεραμῆς	*keramei=s	- no urn found -	Κεραμεῖς
Κεῖος	*kei=os	- no urn found -	Κεῖος
Κηφισοφῶν	*khfisofw=n	- no urn found -	Κηφισοφῶν
Κηφισοφῶντα	*khfisofw=n	- no urn found -	Κηφισοφῶν
Κιμωλίας	*kimw/lios	- no urn found -	Κιμώλιος
Κιμωλίας	*kimw/lios	- no urn found -	Κιμώλιος
Κιμωλίας	*kimwli/a	- no urn found -	Κιμωλία
Κιμωλίας	*kimwli/a	- no urn found -	Κιμωλία
Κινησίου	*kinhsi/as	- no urn found -	Κινησίας
Κινησίᾳ	*kinhsi/as	- no urn found -	Κινησίας
Κλειγένης	*kleige/nhs	- no urn found -	Κλειγένης
Κλειδημίδης	*kleidhmi/dhs	- no urn found -	Κλειδημίδης
Κλεισθένει	*kleisqe/nhs	- no urn found -	Κλεισθένης
Κλεισθένει	*kleisqe/nhs	- no urn found -	Κλεισθένης
Κλεισθένει	*kleisqe/nhs	- no urn found -	Κλεισθένης
Κλεισθένει	*kleisqe/nhs	- no urn found -	Κλεισθένης
Κλεισθένει	*kleisqe/nhs	- no urn found -	Κλεισθένης
Κλεισθένους	*kleisqe/nhs	- no urn found -	Κλεισθένης
Κλειτοφῶν	*kleitofw=n	- no urn found -	Κλειτοφῶν
Κλειτοφῶν	*kleitofw=n	- no urn found -	Κλειτοφῶν
Κλεοφῶν	*kleofw=n	- no urn found -	Κλεοφῶν
Κλεοφῶντι	*kleofw=n	- no urn found -	Κλεοφῶν
Κλεοφῶντος	*kleofw=n	- no urn found -	Κλεοφῶν
Κλεόκριτον	*kleo/kritos	- no urn found -	Κλεόκριτος
Κλέωνά	*kle/wn	- no urn found -	Κλέων
Κλέωνά	*klew/nhs	- no urn found -	Κλεώνης
Κλέωνά	*klew/nhs	- no urn found -	Κλεώνης
Κλέων’	*kle/wn	- no urn found -	Κλέων
Κλέων’	*kle/wn	- no urn found -	Κλέων
Κλέων’	*kle/wn	- no urn found -	Κλέων
Κλέων’	*kle/wn	- no urn found -	Κλέων
Κλέων’	*kle/wn	- no urn found -	Κλέων
Κλέων’	*klew/nh	- no urn found -	Κλεώνη
Κλέων’	*klew/nh	- no urn found -	Κλεώνη
Κλέων’	*klew/nhs	- no urn found -	Κλεώνης
Κλέων’	*klew/nhs	- no urn found -	Κλεώνης
Κλέων’	*klew/nhs	- no urn found -	Κλεώνης
Κλέων’	*klew/nhs	- no urn found -	Κλεώνης
Κρατίνου	*kra/tinos	- no urn found -	Κράτινος
Κρατίνου	*krati=nos	- no urn found -	Κρατῖνος
Κωκυτοῦ	*kwkuto/s	- no urn found -	Κωκυτός
Κωκυτοῦ	*kwkuto/s	- no urn found -	Κωκυτός
Κύκνους	*ku/knos	- no urn found -	Κύκνος
Λευκολόφου	*leukolo/fhs	- no urn found -	Λευκολόφης
Λάμαχος	*la/maxos	- no urn found -	Λάμαχος
Λάμαχος	*la/maxos	- no urn found -	Λάμαχος
Λήθης	*lh/qh	- no urn found -	Λήθη
Λίμναισιν	*li/mnai	- no urn found -	Λίμναι
Λίμναισιν	*li/mnh	- no urn found -	Λίμνη
Λύκις	*lu/kis	- no urn found -	Λύκις
Μακάρων	*ma/kar	- no urn found -	Μάκαρ
Μανία	*mani/a	- no urn found -	Μανία
Μανία	*mani/a	- no urn found -	Μανία
Μανία	*mani/a	- no urn found -	Μανία
Μανία	*mani/a	- no urn found -	Μανία
Μανία	*mani/a	- no urn found -	Μανία
Μανία	*mani/h	- no urn found -	Μανίη
Μανία	*mani/h	- no urn found -	Μανίη
Μανία	*mani/h	- no urn found -	Μανίη
Μανία	*mani/h	- no urn found -	Μανίη
Μανία	*mani/h	- no urn found -	Μανίη
Μελέαγρον	*mele/agros	- no urn found -	Μελέαγρος
Μελέαγρον	mele/agron	- no urn found -	μελέαγρον
Μελέαγρον	mele/agron	- no urn found -	μελέαγρον
Μελέαγρον	mele/agron	- no urn found -	μελέαγρον
Μελήτου	*me/lhtos	- no urn found -	Μέλητος
Μελίτης	*meli/th	- no urn found -	Μελίτη
Μορσίμου	*mo/rsimos	- no urn found -	Μόρσιμος
Μουσαῖος	*mousai=os	- no urn found -	Μουσαῖος
Μουσῶν	*mou=sai	- no urn found -	Μοῦσαι
Μουσῶν	*mou=sai	- no urn found -	Μοῦσαι
Μουσῶν	mouso/omai	- no urn found -	μουσόομαι
Μουσῶν	mouso/omai	- no urn found -	μουσόομαι
Μουσῶν	mouso/omai	- no urn found -	μουσόομαι
Μουσῶν	mouso/omai	- no urn found -	μουσόομαι
Μουσῶν	mouso/omai	- no urn found -	μουσόομαι
Μουσῶν	mouso/omai	- no urn found -	μουσόομαι
Μούσαις	*mou=sai	- no urn found -	Μοῦσαι
Μούσαις	*mou=sai	- no urn found -	Μοῦσαι
Μοῖραι	*moi=ra	- no urn found -	Μοῖρα
Μοῖραι	*moi=ra	- no urn found -	Μοῖρα
Μοῦσα	*mou=sai	- no urn found -	Μοῦσαι
Μοῦσα	*mou=sai	- no urn found -	Μοῦσαι
Μοῦσα	*mou=sai	- no urn found -	Μοῦσαι
Μοῦσα	*mou=sai	- no urn found -	Μοῦσαι
Μοῦσαι	*mou=sai	- no urn found -	Μοῦσαι
Μοῦσαι	*mou=sai	- no urn found -	Μοῦσαι
Μοῦσαι	*mou=sai	- no urn found -	Μοῦσαι
Μοῦσαι	*mou=sai	- no urn found -	Μοῦσαι
Μόλων	*mo/lwn	- no urn found -	Μόλων
Μόλων	*mo/lwn	- no urn found -	Μόλων
Μύρμηκί	*mu/rmhc	- no urn found -	Μύρμηξ
Νικομάχῳ	*niko/maxos	- no urn found -	Νικόμαχος
Νιόβη	*nio/bh	- no urn found -	Νιόβη
Νιόβη	*nio/bh	- no urn found -	Νιόβη
Νιόβην	*nio/bh	- no urn found -	Νιόβη
Νυκτός	*nu/c	- no urn found -	Νύξ
Νύμφαι	*nu/mfai	- no urn found -	Νύμφαι
Νύμφαι	*nu/mfai	- no urn found -	Νύμφαι
Νύμφαι	*nu/mfai	- no urn found -	Νύμφαι
Νύμφαι	*nu/mfhs	- no urn found -	Νύμφης
Ξανθία	*canqi/hs	- no urn found -	Ξανθίης
Ξανθία	*canqi/hs	- no urn found -	Ξανθίης
Ξανθία	*canqi/hs	- no urn found -	Ξανθίης
Ξανθία	*canqi/hs	- no urn found -	Ξανθίης
Ξανθία	*canqi/hs	- no urn found -	Ξανθίης
Ξανθία	*canqi/hs	- no urn found -	Ξανθίης
Ξανθία	*canqi/hs	- no urn found -	Ξανθίης
Ξανθίαν	*canqi/hs	- no urn found -	Ξανθίης
Ξανθίαν	*canqi/hs	- no urn found -	Ξανθίης
Ξανθίας	*canqi/hs	- no urn found -	Ξανθίης
Ξανθίας	*canqi/hs	- no urn found -	Ξανθίης
Οἰνεύς	*oi)neu/s	- no urn found -	Οἰνεύς
Παντακλέα	*pantaklh=s	- no urn found -	Παντακλῆς
Παρδόκας	*pardo/khs	- no urn found -	Παρδόκης
Παρδόκας	*pardo/khs	- no urn found -	Παρδόκης
Παρνασσόν	*parnasso/s	- no urn found -	Παρνασσός
Παρνασσῶν	*parnasso/s	- no urn found -	Παρνασσός
Παράλους	*pa/ralos	- no urn found -	Πάραλος
Πατρόκλων	*patro/klon	- no urn found -	Πατρόκλον
Πλαθάνη	*plaqa/nh	- no urn found -	Πλαθάνη
Πλαθάνη	*plaqa/nh	- no urn found -	Πλαθάνη
Πλαταιᾶς	*plataieu/s	- no urn found -	Πλαταιεύς
Πλαταιᾶς	*plataio/s	- no urn found -	Πλαταιός
Πλούτων	*plou=tos	- no urn found -	Πλοῦτος
Πλούτων	*plou=twn	- no urn found -	Πλοῦτων
Πλούτων	*plou=twn	- no urn found -	Πλοῦτων
Πλούτων’	*ploutw/nh	- no urn found -	Πλουτώνη
Πλούτων’	*ploutw/nh	- no urn found -	Πλουτώνη
Πυθάγγελος	*puqa/ggelos	- no urn found -	Πυθάγγελος
Πάν	*pa=n	- no urn found -	Πᾶν
Πάν	*pa=n	- no urn found -	Πᾶν
Πόλυβον	*po/lubos	- no urn found -	Πόλυβος
Σεβῖνον	*sebi=nos	- no urn found -	Σεβῖνος
Σθενεβοίας	*sqene/boia	- no urn found -	Σθενέβοια
Σθενεβοίας	*sqene/boia	- no urn found -	Σθενέβοια
Σθενέβοιαι	*sqene/boia	- no urn found -	Σθενέβοια
Σθενέβοιαι	*sqene/boia	- no urn found -	Σθενέβοια
Σιδώνιόν	*sidw/nios	- no urn found -	Σιδώνιος
Σιδώνιόν	*sidw/nios	- no urn found -	Σιδώνιος
Σιδώνιόν	*sidw/nios	- no urn found -	Σιδώνιος
Σιδώνιόν	*sidw/nios	- no urn found -	Σιδώνιος
Σοφοκλεῖ	*sofoklh=s	- no urn found -	Σοφοκλῆς
Σοφοκλέα	*sofoklh=s	- no urn found -	Σοφοκλῆς
Σοφοκλέης	*sofoklh=s	- no urn found -	Σοφοκλῆς
Σοφοκλέους	*sofoklh=s	- no urn found -	Σοφοκλῆς
Σπερχειέ	*sperxeio/s	- no urn found -	Σπερχειός
Σωκράτει	*swkra/ths	- no urn found -	Σωκράτης
Σωκράτει	*swkra/ths	- no urn found -	Σωκράτης
Σωκράτει	*swkra/ths	- no urn found -	Σωκράτης
Σωκράτει	*swkra/ths	- no urn found -	Σωκράτης
Σωκράτει	*swkra/ths	- no urn found -	Σωκράτης
Σώτειραν	*sw/teira	- no urn found -	Σώτειρα
Ταντάλειος	*tanta/leios	- no urn found -	Ταντάλειος
Ταρτησία	*tarth/sios	- no urn found -	Ταρτήσιος
Ταρτησία	*tarth/sios	- no urn found -	Ταρτήσιος
Ταρτησία	*tarth/sios	- no urn found -	Ταρτήσιος
Ταρτησία	*tarth/sios	- no urn found -	Ταρτήσιος
Ταρτησία	*tarth/sios	- no urn found -	Ταρτήσιος
Ταίναρον	*tai/naron	- no urn found -	Ταίναρον
Ταίναρον	*tai/naron	- no urn found -	Ταίναρον
Ταίναρον	*tai/naron	- no urn found -	Ταίναρον
Τειθράσιαι	*teiqra/sios	- no urn found -	Τειθράσιος
Τειθράσιαι	*teiqra/sios	- no urn found -	Τειθράσιος
Τεύκρων	*teu=kros-pl	- no urn found -	Τεῦκροσ-πλ
Τήλεφον	*th/lefos	- no urn found -	Τήλεφος
Φαίδρας	*fai/drh	- no urn found -	Φαίδρη
Φαίδρας	*fai=dras	- no urn found -	Φαῖδρας
Φερρέφατθ’	*ferse/fassa-pl	- no urn found -	Φερσέφασσα-πλ
Φερρέφατθ’	*ferse/fassa-pl	- no urn found -	Φερσέφασσα-πλ
Φερρέφατθ’	*ferse/fassa-pl	- no urn found -	Φερσέφασσα-πλ
Φερρέφατθ’	*ferse/fassa-pl	- no urn found -	Φερσέφασσα-πλ
Φθιῶτ’	*fqiw=tis	- no urn found -	Φθιῶτις
Φιλοξένου	*filo/cenos	- no urn found -	Φιλόξενος
Φορμίσιος	*formi/sios	- no urn found -	Φορμίσιος
Φοῖβ’	*foi=bos	- no urn found -	Φοῖβος
Φρυνίχου	*fru/nixos	- no urn found -	Φρύνιχος
Φρυνίχῳ	*fru/nixos	- no urn found -	Φρύνιχος
Φρύνιχος	*fru/nixos	- no urn found -	Φρύνιχος
Χάρων	*xa/rwn	- no urn found -	Χάρων
Χάρων	*xa/rwn	- no urn found -	Χάρων
Χάρων	*xa/rwn	- no urn found -	Χάρων
Χάρων	*xa/rwn	- no urn found -	Χάρων
Χύτροισι	*xu/troi	- no urn found -	Χύτροι
Χύτροισι	*xu/tros	- no urn found -	Χύτρος
δείξει	dei/cis	- no urn found -	δείξις
δείξει	dei/cis	- no urn found -	δείξις
δείξει	dei/cis	- no urn found -	δείξις
δείξει	dei/cis	- no urn found -	δείξις
δείξει	dei/cis	- no urn found -	δείξις
δείξεις	dei/cis	- no urn found -	δείξις
δείξεις	dei/cis	- no urn found -	δείξις
δείξεις	dei/cis	- no urn found -	δείξις
δείξεις	dei/cis	- no urn found -	δείξις
διαδρασιπολίτας	diadrasipoli/ths	- no urn found -	διαδρασιπολίτης
διαδρασιπολίτας	diadrasipoli/ths	- no urn found -	διαδρασιπολίτης
διανοεῖ	dianoe/omai	- no urn found -	διανοέομαι
διανοεῖ	dianoe/omai	- no urn found -	διανοέομαι
διανοεῖ	dianoe/omai	- no urn found -	διανοέομαι
διαπτάσθαι	diape/tamai	- no urn found -	διαπέταμαι
δοκῶ	doko/n	- no urn found -	δοκόν
δοκῶν	doko/n	- no urn found -	δοκόν
θρίω	qre/w	- no urn found -	θρέω
θρίω	qre/w	- no urn found -	θρέω
καθήσθω	kata/-ka/qhmai	- no urn found -	κατά-κάθημαι
κακῶν	kaka/zw	- no urn found -	κακάζω
κακῶν	kaka/zw	- no urn found -	κακάζω
κακῶν	kaka/zw	- no urn found -	κακάζω
κακῶν	kaka/zw	- no urn found -	κακάζω
κακῶν	kaka/zw	- no urn found -	κακάζω
κατεδύσαμέν	kata/-du/w	- no urn found -	κατά-δύω1
κατερεικτῶν	katereikto/s	- no urn found -	κατερεικτός
κατερεικτῶν	katereikto/s	- no urn found -	κατερεικτός
κατερεικτῶν	katereikto/s	- no urn found -	κατερεικτός
κατερεῖς	katerw=	- no urn found -	κατερῶ
κατθανεῖν	kataqnh/skw	- no urn found -	καταθνήσκω
καίτοι	kai/toi	- no urn found -	καίτοι
κορυθαίολα	koruqai/olos	- no urn found -	κορυθαίολος
κορυθαίολα	koruqai/olos	- no urn found -	κορυθαίολος
κορυθαίολα	koruqai/olos	- no urn found -	κορυθαίολος
κοάξ	koa/c	- no urn found -	κοάξ
κρεμάσαντι	krema/zw	- no urn found -	κρεμάζω
κρεμάσαντι	krema/zw	- no urn found -	κρεμάζω
κρεμάσας	krema/zw	- no urn found -	κρεμάζω
κρεμάσας	krema/zw	- no urn found -	κρεμάζω
κρεμάσας	krema/zw	- no urn found -	κρεμάζω
κρεμάσας	krema/zw	- no urn found -	κρεμάζω
κἀλεκτρυόνα	*)alektruw/n	- no urn found -	Ἀλεκτρυών
κἀμοί	h(mo/s	- no urn found -	ἡμός
κἀμοί	h(mo/s	- no urn found -	ἡμός
κἀμούς	h(mo/s	- no urn found -	ἡμός
κἀπέχου	e)pw/xato	- no urn found -	ἐπώχατο
κἀπ’	*)api/s	- no urn found -	Ἀπίς
κἀφελεῖν	e)faire/omai	- no urn found -	ἐφαιρέομαι
κἀφελεῖν	e)faire/omai	- no urn found -	ἐφαιρέομαι
κἄν	ka)n	- no urn found -	κἀν
κάλλιστα	ka/llista	- no urn found -	κάλλιστα
κάτω	kato/w	- no urn found -	κατόω
κάτω	kato/w	- no urn found -	κατόω
λαλιάν	lalih/	- no urn found -	λαλιή
λεπτολόγους	lepto/logos	- no urn found -	λεπτόλογος
λεπτολόγους	lepto/logos	- no urn found -	λεπτόλογος
λεπτά	lepto/n	- no urn found -	λεπτόν
λεπτά	lepto/n	- no urn found -	λεπτόν
λεπτά	lepto/n	- no urn found -	λεπτόν
λεπτόν	lepto/n	- no urn found -	λεπτόν
λεπτόν	lepto/n	- no urn found -	λεπτόν
λεπτόν	lepto/n	- no urn found -	λεπτόν
λεπτῶν	lepto/n	- no urn found -	λεπτόν
λίμνη	limnei	- no urn found -	λιμνει
λίμνη	limnei	- no urn found -	λιμνει
λίμνη	limnei	- no urn found -	λιμνει
μαστιγίας	mastigi/hs	- no urn found -	μαστιγίης
μαστιγίας	mastigi/hs	- no urn found -	μαστιγίης
μετακυλίνδειν	meta/-kuli/ndw	- no urn found -	μετά-κυλίνδω
μιγνυμένας	mi/gnumi	- no urn found -	μίγνυμι
μιγνυμένας	mi/gnumi	- no urn found -	μίγνυμι
μιγνύς	mi/gnumi	- no urn found -	μίγνυμι
μιγνύς	mi/gnumi	- no urn found -	μίγνυμι
μάλιστα	ma/lista	- no urn found -	μάλιστα
μάλιστά	ma/lista	- no urn found -	μάλιστα
ναίων	nh/ios	- no urn found -	νήιος
ναίων	nh/ios	- no urn found -	νήιος
ναίων	nh/ios	- no urn found -	νήιος
ναίων	nh/ios	- no urn found -	νήιος
ναίων	nh/ios	- no urn found -	νήιος
ναίων	nh/ios	- no urn found -	νήιος
νείκη	nei	- no urn found -	νει
νείκη	nei	- no urn found -	νει
νείκη	nei	- no urn found -	νει
νείκη	nei	- no urn found -	νει
νείκη	nei	- no urn found -	νει
νείκη	nei	- no urn found -	νει
νεῖκος	nei	- no urn found -	νει
νεῖκος	nei	- no urn found -	νει
νεῖκος	nei	- no urn found -	νει
οἰδοῦσαν	oi)da/w	- no urn found -	οἰδάω
οἰδῶν	oi)da/w	- no urn found -	οἰδάω
οἰδῶν	oi)da/w	- no urn found -	οἰδάω
οἰδῶν	oi)da/w	- no urn found -	οἰδάω
οἰδῶν	oi)da/w	- no urn found -	οἰδάω
οἰδῶν	oi)da/w	- no urn found -	οἰδάω
οἰδῶν	oi)da/w	- no urn found -	οἰδάω
οὑτωσί	ou(twsi/	- no urn found -	οὑτωσί
οὔλων	o(/loc	- no urn found -	ὅλοξ
οὔλων	o(/loc	- no urn found -	ὅλοξ
οὔλων	o(/loc	- no urn found -	ὅλοξ
πανδοκεῖον	pandokei=on	- no urn found -	πανδοκεῖον
πανδοκεῖον	pandokei=on	- no urn found -	πανδοκεῖον
πανδοκεῖον	pandokei=on	- no urn found -	πανδοκεῖον
πανούργους	pa/nourgos	- no urn found -	πάνουργος
πανούργους	pa/nourgos	- no urn found -	πάνουργος
πανούργων	pa/nourgos	- no urn found -	πάνουργος
πανούργων	pa/nourgos	- no urn found -	πάνουργος
πανούργων	pa/nourgos	- no urn found -	πάνουργος
παρακαθήμενον	para/-ka/qhmai	- no urn found -	παρά-κάθημαι
παρακαθήμενον	para/-ka/qhmai	- no urn found -	παρά-κάθημαι
παρακαθήμενον	para/-ka/qhmai	- no urn found -	παρά-κάθημαι
παρακαθήμενον	para/-ka/qhmai	- no urn found -	παρά-κάθημαι
πειστέον	peiste/os	- no urn found -	πειστέος
πειστέον	peiste/os	- no urn found -	πειστέος
πειστέον	peiste/os	- no urn found -	πειστέος
πειστέον	peiste/os	- no urn found -	πειστέος
πειστέον	peiste/os	- no urn found -	πειστέος
πλάτῃ	pla/ths	- no urn found -	πλάτης
ποῖ	poi	- no urn found -	ποι
προσπαρδεῖν	para/-dei=	- no urn found -	παρά-δεῖ
προσπαρδεῖν	para/-dei=	- no urn found -	παρά-δεῖ
προσπαρδεῖν	para/-dei=	- no urn found -	παρά-δεῖ
προσπαρδεῖν	para/-dei=	- no urn found -	παρά-δεῖ
προστάτην	proi/sthmi	- no urn found -	προίστημι
προϊέναι	proi/hmi	- no urn found -	προίημι
πρίωμαι	pri/amai	- no urn found -	πρίαμαι
πάτραν	pa/trh	- no urn found -	πάτρη
πάτρας	pa/trh	- no urn found -	πάτρη
πάτρας	pa/trh	- no urn found -	πάτρη
πέταλον	pe/talos	- no urn found -	πέταλος
πέταλον	pe/talos	- no urn found -	πέταλος
πέταλον	pe/talos	- no urn found -	πέταλος
πέταλον	pe/talos	- no urn found -	πέταλος
πόθεν	poqen	- no urn found -	ποθεν
πόντιε	*po/ntios	- no urn found -	Πόντιος
πόρον	po/rw	- no urn found -	πόρω
πόρον	po/rw	- no urn found -	πόρω
σοῖσιν	se/w	- no urn found -	σέω
σοῖσιν	se/w	- no urn found -	σέω
σοῦ	se/w	- no urn found -	σέω
σοῦ	se/w	- no urn found -	σέω
σταθμήσεται	staqma/omai	- no urn found -	σταθμάομαι
σταθμήσεται	staqma/omai	- no urn found -	σταθμάομαι
στρεβλῶν	stre/bla	- no urn found -	στρέβλα
συμπαιστρίας	sumpai/stria	- no urn found -	συμπαίστρια
συμπαιστρίας	sumpai/stria	- no urn found -	συμπαίστρια
συντέθνηκεν	sunqnh/skw	- no urn found -	συνθνήσκω
συντέθνηκεν	sunqnh/skw	- no urn found -	συνθνήσκω
συντέθνηκέ	sunqnh/skw	- no urn found -	συνθνήσκω
συντέθνηκέ	sunqnh/skw	- no urn found -	συνθνήσκω
συνέλεξας	su/n-le/gw	- no urn found -	σύν-λέγω1
συνέλεξας	su/n-le/gw	- no urn found -	σύν-λέγω3
σφογγιάν	sfoggia/	- no urn found -	σφογγιά
σχήσειν	sxa/w	- no urn found -	σχάω
σωθεῖμεν	sw/zw	- no urn found -	σώζω
σωθεῖσα	sw/zw	- no urn found -	σώζω
σωθεῖσα	sw/zw	- no urn found -	σώζω
σώσειε	sw/zw	- no urn found -	σώζω
σῆς	se/w	- no urn found -	σέω
σῆς	se/w	- no urn found -	σέω
σῳζοίμεθα	sw/zw	- no urn found -	σώζω
σῴζειν	sw/zw	- no urn found -	σώζω
σῶν	se/w	- no urn found -	σέω
σῷζε	sw/zw	- no urn found -	σώζω
σῷζε	sw/zw	- no urn found -	σώζω
ταὐτῷ	tau)ta/zw	- no urn found -	ταὐτάζω
τεθνεῶτος	qnh/skw	- no urn found -	θνήσκω
τεθνεῶτος	qnh/skw	- no urn found -	θνήσκω
τεθνηκέναι	qnh/skw	- no urn found -	θνήσκω
τεθνηκόσιν	qnh/skw	- no urn found -	θνήσκω
τεθνηκόσιν	qnh/skw	- no urn found -	θνήσκω
τεθνηκότα	qnh/skw	- no urn found -	θνήσκω
τεθνηκότα	qnh/skw	- no urn found -	θνήσκω
τεθνηκότα	qnh/skw	- no urn found -	θνήσκω
τεθνηκότα	qnh/skw	- no urn found -	θνήσκω
τεθνηκότος	qnh/skw	- no urn found -	θνήσκω
τεθνηκότος	qnh/skw	- no urn found -	θνήσκω
τεθνάναι	qnh/skw	- no urn found -	θνήσκω
τοιχωρύχοις	toixw/ruxos	- no urn found -	τοιχώρυχος
τοιχωρύχους	toixw/ruxos	- no urn found -	τοιχώρυχος
τοὔργον	e)/rgnumi	- no urn found -	ἔργνυμι
τοὔργον	e)/rgnumi	- no urn found -	ἔργνυμι
τοὔργον	e)/rgnumi	- no urn found -	ἔργνυμι
τοὔργον	e)/rgnumi	- no urn found -	ἔργνυμι
τἀμά	h(mo/s	- no urn found -	ἡμός
τἀμά	h(mo/s	- no urn found -	ἡμός
τἀμά	h(mo/s	- no urn found -	ἡμός
τἀμά	h(mo/s	- no urn found -	ἡμός
τἀμά	h(mo/s	- no urn found -	ἡμός
τἀμά	h(mo/s	- no urn found -	ἡμός
τἀμά	h(mo/s	- no urn found -	ἡμός
τἀμά	h(mo/s	- no urn found -	ἡμός
τἀνταυθοῖ	e)ntauqoi=	- no urn found -	ἐνταυθοῖ
τάχιστα	ta/xistos	- no urn found -	τάχιστος
τάχιστα	ta/xistos	- no urn found -	τάχιστος
τάχιστα	ta/xistos	- no urn found -	τάχιστος
τάχιστ’	ta/xistos	- no urn found -	τάχιστος
τάχιστ’	ta/xistos	- no urn found -	τάχιστος
τάχιστ’	ta/xistos	- no urn found -	τάχιστος
τάχιστ’	ta/xistos	- no urn found -	τάχιστος
τάχιστ’	ta/xistos	- no urn found -	τάχιστος
τάχιστ’	ta/xistos	- no urn found -	τάχιστος
τέθνηκέ	qnh/skw	- no urn found -	θνήσκω
τέθνηκέ	qnh/skw	- no urn found -	θνήσκω
τῇδε	th=|de	- no urn found -	τῇδε
φάρυξ	fa/ruc	- no urn found -	φάρυξ
φάρυξ	fa/ruc	- no urn found -	φάρυξ
χρῆν	xrh=	- no urn found -	χρῆ
ἀκουστέα	a)kouste/os	- no urn found -	ἀκουστέος
ἀκουστέα	a)kouste/os	- no urn found -	ἀκουστέος
ἀκουστέα	a)kouste/os	- no urn found -	ἀκουστέος
ἀκουστέα	a)kouste/os	- no urn found -	ἀκουστέος
ἀκουστέα	a)kouste/os	- no urn found -	ἀκουστέος
ἀκουστέα	a)kouste/os	- no urn found -	ἀκουστέος
ἀκουστέα	a)kouste/os	- no urn found -	ἀκουστέος
ἀκουστέα	a)kouste/os	- no urn found -	ἀκουστέος
ἀκουστέα	a)kouste/os	- no urn found -	ἀκουστέος
ἀκουστέα	a)kouste/os	- no urn found -	ἀκουστέος
ἀκουστέα	a)kouste/os	- no urn found -	ἀκουστέος
ἀνδρεῖά	a)ndrei=a	- no urn found -	ἀνδρεῖα
ἀνδρεῖά	a)ndrei=a	- no urn found -	ἀνδρεῖα
ἀνδρεῖά	a)ndrei=a	- no urn found -	ἀνδρεῖα
ἀνδροδάικτον	a)ndroda/iktos	- no urn found -	ἀνδροδάικτος
ἀνδροδάικτον	a)ndroda/iktos	- no urn found -	ἀνδροδάικτος
ἀνδροδάικτον	a)ndroda/iktos	- no urn found -	ἀνδροδάικτος
ἀνδροδάικτον	a)ndroda/iktos	- no urn found -	ἀνδροδάικτος
ἀνδροδάικτον	a)ndroda/iktos	- no urn found -	ἀνδροδάικτος
ἀποθανεῖν	a)poqnh/skw	- no urn found -	ἀποθνήσκω
ἀποπαρδήσομαι	para/-de/omai	- no urn found -	παρά-δέομαι
ἀποπαρδήσομαι	para/-de/omai	- no urn found -	παρά-δέομαι
ἀπῇξας	a)pai/ssw	- no urn found -	ἀπαίσσω
ἀτεχνῶς	a)texnw=s	- no urn found -	ἀτεχνῶς
ἀφιγμένοισιν	a)fi/zw	- no urn found -	ἀφίζω
ἀφιγμένοισιν	a)fi/zw	- no urn found -	ἀφίζω
ἀφιγμένος	a)fi/zw	- no urn found -	ἀφίζω
ἀφιγμένω	a)fi/zw	- no urn found -	ἀφίζω
ἀφιγμένω	a)fi/zw	- no urn found -	ἀφίζω
ἀφιγμένω	a)fi/zw	- no urn found -	ἀφίζω
ἀφιγμένω	a)fi/zw	- no urn found -	ἀφίζω
ἀφιγμένω	a)fi/zw	- no urn found -	ἀφίζω
ἀφιγμένω	a)fi/zw	- no urn found -	ἀφίζω
ἀφιγμένω	a)fi/zw	- no urn found -	ἀφίζω
ἀφιγμένω	a)fi/zw	- no urn found -	ἀφίζω
ἀφιξόμεθ’	a)fi/zw	- no urn found -	ἀφίζω
ἀφιξόμεθ’	a)fi/zw	- no urn found -	ἀφίζω
ἅττε	a)i/ssw	- no urn found -	ἀίσσω
Ἀγάθων	*)aga/qwn	- no urn found -	Ἀγάθων
Ἀγάθων	*)aga/qwn	- no urn found -	Ἀγάθων
Ἀγήνορος	*)agh/nwr	- no urn found -	Ἀγήνωρ
Ἀδειμάντου	*)adei/mantos	- no urn found -	Ἀδείμαντος
Ἀθηναίοισι	*)aqh/naios	- no urn found -	Ἀθήναιος
Ἀθηναίων	*)aqh/naios	- no urn found -	Ἀθήναιος
Ἀλκιβιάδου	*)alkibia/dhs	- no urn found -	Ἀλκιβιάδης
Ἀλκμήνης	*)alkmh/nh	- no urn found -	Ἀλκμήνη
Ἀνδρομέδαν	*)androme/dh	- no urn found -	Ἀνδρομέδη
Ἀρχενόμῳ	*)arxe/nomos	- no urn found -	Ἀρχένομος
Ἀρχέδημον	*)arxe/dhmos	- no urn found -	Ἀρχέδημος
Ἀτρέως	*)atreu/s	- no urn found -	Ἀτρεύς
Ἀτρέως	*)atreu/s	- no urn found -	Ἀτρεύς
Ἀτρέως	*)atreu/s	- no urn found -	Ἀτρεύς
Ἀχαιῶν	a)xaia/	- no urn found -	ἀχαιά
Ἀχερόντιός	*)axero/ntios	- no urn found -	Ἀχερόντιος
Ἄρεως	*)/areus	- no urn found -	Ἄρευς
Ἄρεως	*)/aris	- no urn found -	Ἄρις
ἐγγύτατα	e)ggu/tatos	- no urn found -	ἐγγύτατος
ἐγγύτατα	e)ggu/tatos	- no urn found -	ἐγγύτατος
ἐγγύτατα	e)ggu/tatos	- no urn found -	ἐγγύτατος
ἐνοῦσαν	e)n-ei)mi/	- no urn found -	ἐν-εἰμί
ἐξόπισθ’	e)co/pisqe	- no urn found -	ἐξόπισθε
ἐξᾴξας	e)cai/ssw	- no urn found -	ἐξαίσσω
ἐξᾴξας	e)cai/ssw	- no urn found -	ἐξαίσσω
ἐξᾴξας	e)cai/ssw	- no urn found -	ἐξαίσσω
ἐξᾴξας	e)cai/ssw	- no urn found -	ἐξαίσσω
ἐξᾴξας	e)cai/ssw	- no urn found -	ἐξαίσσω
ἐπεδείκνυτο	e)pidei/knumi	- no urn found -	ἐπιδείκνυμι
ἐπίσχες	e)pw/xato	- no urn found -	ἐπώχατο
ἐρεῖ	e)ra/omai	- no urn found -	ἐράομαι
ἐρεῖ	e)re/omai	- no urn found -	ἐρέομαι
ἐρᾷ	e)ra/omai	- no urn found -	ἐράομαι
ἐρᾷ	e)ra/omai	- no urn found -	ἐράομαι
ἐρῶ	e)ra/omai	- no urn found -	ἐράομαι
ἐρῶ	e)ra/omai	- no urn found -	ἐράομαι
ἐτῶν	e)/tai	- no urn found -	ἔται
ἐφεξῆς	e)pw/xato	- no urn found -	ἐπώχατο
ἔγημεν	e)/ssomai	- no urn found -	ἔσσομαι
ἔξω	e)/ssomai	- no urn found -	ἔσσομαι
ἔπταρον	ptai/rw%	- no urn found -	πταίρω#
ἔπταρον	ptai/rw%	- no urn found -	πταίρω#
ἔργοισι	e)/rgnumi	- no urn found -	ἔργνυμι
ἔργοισι	e)/rgnumi	- no urn found -	ἔργνυμι
ἔργον	e)/rgnumi	- no urn found -	ἔργνυμι
ἔργον	e)/rgnumi	- no urn found -	ἔργνυμι
ἔργον	e)/rgnumi	- no urn found -	ἔργνυμι
ἔργον	e)/rgnumi	- no urn found -	ἔργνυμι
ἔργων	e)/rgnumi	- no urn found -	ἔργνυμι
ἔσει	se/w	- no urn found -	σέω
ἔχθρας	e)/xqrh	- no urn found -	ἔχθρη
ἔχθρας	e)/xqrh	- no urn found -	ἔχθρη
Ἐπίδαυρον	*)epi/dauros	- no urn found -	Ἐπίδαυρος
Ἐρασινίδου	*)erasini/dhs	- no urn found -	Ἐρασινίδης
Ἐριούνιον	*)eriou/nios	- no urn found -	Ἐριούνιος
Ἑκαταίων	*(eka/taios	- no urn found -	Ἑκάταιος
Ἑκαταίων	*(eka/taios	- no urn found -	Ἑκάταιος
Ἑκαταίων	*(eka/taios	- no urn found -	Ἑκάταιος
Ἔρυξιν	*)/eruc	- no urn found -	Ἔρυξ
Ἔρυξιν	*)eru/cis	- no urn found -	Ἐρύξις
ἡμιωβολιαῖα	h(miwboliai=os	- no urn found -	ἡμιωβολιαῖος
ἡμιωβολιαῖα	h(miwboliai=os	- no urn found -	ἡμιωβολιαῖος
ἡμιωβολιαῖα	h(miwboliai=os	- no urn found -	ἡμιωβολιαῖος
ἡμή	h(mo/s	- no urn found -	ἡμός
ἡμή	h(mo/s	- no urn found -	ἡμός
ἡμᾶς	h(mo/s	- no urn found -	ἡμός
ἡμῶν	h(mo/s	- no urn found -	ἡμός
ἡμῶν	h(mo/s	- no urn found -	ἡμός
ἡμῶν	h(mo/s	- no urn found -	ἡμός
Ἡγέλοχος	*(hge/loxos	- no urn found -	Ἡγέλοχος
Ἡρακλέα	*(hra/klea	- no urn found -	Ἡράκλεα
Ἡρακλέα	*(hra/klea	- no urn found -	Ἡράκλεα
Ἡρακλέα	*(hra/klea	- no urn found -	Ἡράκλεα
Ἡράκλεια	*(hra/kleia	- no urn found -	Ἡράκλεια
Ἡράκλεια	*(hra/kleia	- no urn found -	Ἡράκλεια
ἰδεῖν	i)de/w	- no urn found -	ἰδέω
ἰδίων	i)de/w	- no urn found -	ἰδέω
ἰχθῦς	i)xqu/s	- no urn found -	ἰχθύς
ἰχθῦς	i)xqu/s	- no urn found -	ἰχθύς
ἰχθῦς	i)xqu/s	- no urn found -	ἰχθύς
ἰχθῦς	i)xqu/s	- no urn found -	ἰχθύς
ἰχθῦς	i)xqu/s	- no urn found -	ἰχθύς
ἱεράς	i(erai/	- no urn found -	ἱεραί
ἱερῶν	i(erai/	- no urn found -	ἱεραί
Ἰοφῶν	*)iofw=n	- no urn found -	Ἰοφῶν
Ἰοφῶντ’	*)iofw=n	- no urn found -	Ἰοφῶν
Ἰοφῶντ’	*)iofw=n	- no urn found -	Ἰοφῶν
Ἱππώνακτος	*(/ippwnac	- no urn found -	Ἵππωναξ
Ἴδας	*)/idh	- no urn found -	Ἴδη
Ἴδας	*)/idh	- no urn found -	Ἴδη
Ἴδας	*)/idhs	- no urn found -	Ἴδης
ὀρίγανον	o)ri/ganos	- no urn found -	ὀρίγανος
ὀφρῦς	o)fru/s	- no urn found -	ὀφρύς
ὀφρῦς	o)fru/s	- no urn found -	ὀφρύς
ὀφρῦς	o)fru/s	- no urn found -	ὀφρύς
ὁμομαστιγίας	o(momastigi/hs	- no urn found -	ὁμομαστιγίης
ὁμομαστιγίας	o(momastigi/hs	- no urn found -	ὁμομαστιγίης
ὄμβρον	o/)mbros	- no urn found -	ό̓μβρος
ὅλον	o(/loc	- no urn found -	ὅλοξ
ὅλον	o(/loc	- no urn found -	ὅλοξ
ὅλον	o(/loc	- no urn found -	ὅλοξ
ὅλον	o(/loc	- no urn found -	ὅλοξ
Ὀρέστην	*)ore/sths	- no urn found -	Ὀρέστης
Ὀρέστης	*)ore/sths	- no urn found -	Ὀρέστης
ὑποτοπεῖσθαι	u(potope/omai	- no urn found -	ὑποτοπέομαι
ὑπᾴδων	u(paei/dw	- no urn found -	ὑπαείδω
ὑπᾴσατε	u(paei/dw	- no urn found -	ὑπαείδω
ὑπᾴσατε	u(paei/dw	- no urn found -	ὑπαείδω
ὑπᾴσατε	u(paei/dw	- no urn found -	ὑπαείδω
Ὑπέρβολον	*(upe/rbolos	- no urn found -	Ὑπέρβολος
ᾤχετ’	o)i/zw	- no urn found -	ὀίζω
ᾤχετ’	o)i/zw	- no urn found -	ὀίζω
ᾤχετ’	o)i/zw	- no urn found -	ὀίζω
ῥῆσιν	r(e/omai	- no urn found -	ῥέομαι
