urn:cts:greekLit:tlg0019.tlg009.fu-sp.tok:28.1.text.token10	τόν	to/n	ὁ	o(	urn:cite2:hmt:lsj.chicago_md:n71882	l-s---ma-
urn:cts:greekLit:tlg0019.tlg009.fu-sp.tok:28.1.text.token12	οὔ	ou)/	οὐ	ou)	urn:cite2:hmt:lsj.chicago_md:n75730	d--------
urn:cts:greekLit:tlg0019.tlg009.fu-sp.tok:28.1.text.token6	ἐγώ	e)gw/	ἐγώ	e)gw/	urn:cite2:hmt:lsj.chicago_md:n30657	p-s---mn-
urn:cts:greekLit:tlg0019.tlg009.fu-sp.tok:28.1.text.token9	μά	ma/	μά	ma/	urn:cite2:hmt:lsj.chicago_md:n64387	g--------
urn:cts:greekLit:tlg0019.tlg009.fu-sp.tok:29.1.text.token1	πῶς	pw=s	πῶς	pw=s	urn:cite2:hmt:lsj.chicago_md:n92010	x--------
urn:cts:greekLit:tlg0019.tlg009.fu-sp.tok:29.1.text.token2	γάρ	ga/r	γάρ	ga/r	urn:cite2:hmt:lsj.chicago_md:n21618	g--------
urn:cts:greekLit:tlg0019.tlg009.fu-sp.tok:29.1.text.token3	φέρεις	fe/reis	φέρω	fe/rw	urn:cite2:hmt:lsj.chicago_md:n110598	v2spia---
urn:cts:greekLit:tlg0019.tlg009.fu-sp.tok:29.1.text.token5	ὅς	o(/s	ὅς	o(/s	urn:cite2:hmt:lsj.chicago_md:n75512	p-s---mn-
urn:cts:greekLit:tlg0019.tlg009.fu-sp.tok:29.1.text.token6	γ’	g'	γε	ge	urn:cite2:hmt:lsj.chicago_md:n21705	g--------
urn:cts:greekLit:tlg0019.tlg009.fu-sp.tok:29.1.text.token7	αὐτός	au)to/s	αὐτός	au)to/s	urn:cite2:hmt:lsj.chicago_md:n17907	n-s---mn-
urn:cts:greekLit:tlg0019.tlg009.fu-sp.tok:29.1.text.token8	ὑφ’	u(f'	ὑπό	u(po/	urn:cite2:hmt:lsj.chicago_md:n108092	r--------