token_urn	surface_form	normalized_form	reason
	!citelibrary	!citelibrary	no_match_in_morph_dict
name	New Testament: Matthew	New Testament: Matthew	no_match_in_morph_dict
urn	urn:cite2:cex:fufolio.2026:nt_matthew	urn:cite2:cex:fufolio.2026:nt_matthew	no_match_in_morph_dict
license	CC Share Alike. For details, see more info.	CC Share Alike. For details, see more info.	no_match_in_morph_dict
	!ctscatalog	!ctscatalog	no_match_in_morph_dict
urn	citationScheme	citationScheme	no_match_in_morph_dict
urn:cts:greekLit:tlg0031.tlg001.wh.token:	line/speech/speaker/token,line/speech/text/token	line/speech/speaker/token,line/speech/text/token	no_match_in_morph_dict
urn	citationScheme	citationScheme	no_match_in_morph_dict
urn:cts:greekLit:tlg0031.tlg001.wh:	chapter/verse	chapter/verse	no_match_in_morph_dict
	!ctsdata	!ctsdata	no_match_in_morph_dict
urn:cts:greekLit:tlg0031.tlg001.wh:1.title.token2	Μαθθαῖον	Μαθθαῖον	no_match_in_morph_dict
urn:cts:greekLit:tlg0031.tlg001.wh:1.1.token6	Δαυεὶδ	Δαυείδ	no_match_in_morph_dict
urn:cts:greekLit:tlg0031.tlg001.wh:1.1.token8	Ἀβρααμ	Ἀβρααμ	no_match_in_morph_dict
urn:cts:greekLit:tlg0031.tlg001.wh:1.2.token1	Ἀβραὰμ	Ἀβραάμ	no_match_in_morph_dict
urn:cts:greekLit:tlg0031.tlg001.wh:1.2.token4	Ἰσαάκ	Ἰσαάκ	no_match_in_morph_dict
urn:cts:greekLit:tlg0031.tlg001.wh:1.2.token6	Ἰσαὰκ	Ἰσαάκ	no_match_in_morph_dict
urn:cts:greekLit:tlg0031.tlg001.wh:1.2.token10	Ἰακώβ	Ἰακώβ	no_match_in_morph_dict
urn:cts:greekLit:tlg0031.tlg001.wh:1.2.token12	Ἰακὼβ	Ἰακώβ	no_match_in_morph_dict
urn:cts:greekLit:tlg0031.tlg001.wh:1.2.token16	Ἰούδαν	Ἰούδαν	no_match_in_morph_dict
urn:cts:greekLit:tlg0031.tlg001.wh:1.3.token1	Ἰούδας	Ἰούδας	no_match_in_morph_dict
urn:cts:greekLit:tlg0031.tlg001.wh:1.3.token5	Φαρὲς	Φαρές	no_match_in_morph_dict
urn:cts:greekLit:tlg0031.tlg001.wh:1.3.token8	Ζαρὰ	Ζαρά	no_match_in_morph_dict
urn:cts:greekLit:tlg0031.tlg001.wh:1.3.token11	Θάμαρ	Θάμαρ	no_match_in_morph_dict
urn:cts:greekLit:tlg0031.tlg001.wh:1.3.token13	Φαρὲς	Φαρές	no_match_in_morph_dict
urn:cts:greekLit:tlg0031.tlg001.wh:1.3.token17	Ἑσρώμ	Ἑσρώμ	no_match_in_morph_dict
urn:cts:greekLit:tlg0031.tlg001.wh:1.3.token19	Ἑσρὼμ	Ἑσρώμ	no_match_in_morph_dict
urn:cts:greekLit:tlg0031.tlg001.wh:1.3.token23	Ἀράμ	Ἀράμ	no_match_in_morph_dict
urn:cts:greekLit:tlg0031.tlg001.wh:1.4.token1	Ἀρὰμ	Ἀράμ	no_match_in_morph_dict
urn:cts:greekLit:tlg0031.tlg001.wh:1.4.token5	Ἀμιναδάβ	Ἀμιναδάβ	no_match_in_morph_dict
urn:cts:greekLit:tlg0031.tlg001.wh:1.4.token7	Ἀμιναδὰβ	Ἀμιναδάβ	no_match_in_morph_dict
urn:cts:greekLit:tlg0031.tlg001.wh:1.4.token11	Ναασσών	Ναασσών	no_match_in_morph_dict
urn:cts:greekLit:tlg0031.tlg001.wh:1.4.token13	Ναασσὼν	Ναασσών	no_match_in_morph_dict
urn:cts:greekLit:tlg0031.tlg001.wh:1.4.token17	Σαλμών	Σαλμών	no_match_in_morph_dict
urn:cts:greekLit:tlg0031.tlg001.wh:1.5.token1	Σαλμὼν	Σαλμών	no_match_in_morph_dict
urn:cts:greekLit:tlg0031.tlg001.wh:1.5.token5	Βοὲς	Βοές	no_match_in_morph_dict
urn:cts:greekLit:tlg0031.tlg001.wh:1.5.token8	Ῥαχάβ	Ῥαχάβ	no_match_in_morph_dict
urn:cts:greekLit:tlg0031.tlg001.wh:1.5.token10	Βοὲς	Βοές	no_match_in_morph_dict
urn:cts:greekLit:tlg0031.tlg001.wh:1.5.token14	Ἰωβὴδ	Ἰωβήδ	no_match_in_morph_dict
urn:cts:greekLit:tlg0031.tlg001.wh:1.5.token17	Ῥούθ	Ῥούθ	no_match_in_morph_dict
urn:cts:greekLit:tlg0031.tlg001.wh:1.5.token19	Ἰωβὴδ	Ἰωβήδ	no_match_in_morph_dict
urn:cts:greekLit:tlg0031.tlg001.wh:1.5.token23	Ἰεσσαί	Ἰεσσαί	no_match_in_morph_dict
urn:cts:greekLit:tlg0031.tlg001.wh:1.6.token1	Ἰεσσαὶ	Ἰεσσαί	no_match_in_morph_dict
urn:cts:greekLit:tlg0031.tlg001.wh:1.6.token5	Δαυεὶδ	Δαυείδ	no_match_in_morph_dict
urn:cts:greekLit:tlg0031.tlg001.wh:1.6.token9	Δαυεὶδ	Δαυείδ	no_match_in_morph_dict
urn:cts:greekLit:tlg0031.tlg001.wh:1.6.token13	Σολομῶνα	Σολομῶνα	no_match_in_morph_dict
urn:cts:greekLit:tlg0031.tlg001.wh:1.7.token1	Σολομὼν	Σολομών	no_match_in_morph_dict
urn:cts:greekLit:tlg0031.tlg001.wh:1.7.token5	Ῥοβοάμ	Ῥοβοάμ	no_match_in_morph_dict
urn:cts:greekLit:tlg0031.tlg001.wh:1.7.token7	Ῥοβοὰμ	Ῥοβοάμ	no_match_in_morph_dict
urn:cts:greekLit:tlg0031.tlg001.wh:1.7.token11	Ἀβιά	Ἀβιά	no_match_in_morph_dict
urn:cts:greekLit:tlg0031.tlg001.wh:1.7.token13	Ἀβιὰ	Ἀβιά	no_match_in_morph_dict
urn:cts:greekLit:tlg0031.tlg001.wh:1.7.token17	Ἀσάφ	Ἀσάφ	no_match_in_morph_dict
urn:cts:greekLit:tlg0031.tlg001.wh:1.7.token19	Ἀσὰφ	Ἀσάφ	no_match_in_morph_dict
urn:cts:greekLit:tlg0031.tlg001.wh:1.7.token23	Ἰωσαφάτ	Ἰωσαφάτ	no_match_in_morph_dict
urn:cts:greekLit:tlg0031.tlg001.wh:1.8.token1	Ἰωσαφὰτ	Ἰωσαφάτ	no_match_in_morph_dict
urn:cts:greekLit:tlg0031.tlg001.wh:1.8.token5	Ἰωράμ	Ἰωράμ	no_match_in_morph_dict
urn:cts:greekLit:tlg0031.tlg001.wh:1.8.token7	Ἰωρὰμ	Ἰωράμ	no_match_in_morph_dict
urn:cts:greekLit:tlg0031.tlg001.wh:1.8.token11	Ὀζείαν	Ὀζείαν	no_match_in_morph_dict
urn:cts:greekLit:tlg0031.tlg001.wh:1.9.token1	Ὀζείας	Ὀζείας	no_match_in_morph_dict
urn:cts:greekLit:tlg0031.tlg001.wh:1.9.token5	Ἰωαθάμ	Ἰωαθάμ	no_match_in_morph_dict
urn:cts:greekLit:tlg0031.tlg001.wh:1.9.token7	Ἰωαθὰμ	Ἰωαθάμ	no_match_in_morph_dict
urn:cts:greekLit:tlg0031.tlg001.wh:1.9.token11	Ἄχας	Ἄχας	no_match_in_morph_dict
urn:cts:greekLit:tlg0031.tlg001.wh:1.9.token13	Ἄχας	Ἄχας	no_match_in_morph_dict
urn:cts:greekLit:tlg0031.tlg001.wh:1.9.token17	Ἑζεκίαν	Ἑζεκίαν	no_match_in_morph_dict
urn:cts:greekLit:tlg0031.tlg001.wh:1.10.token1	Ἑζεκίας	Ἑζεκίας	no_match_in_morph_dict
urn:cts:greekLit:tlg0031.tlg001.wh:1.10.token5	Μανασσῆ	Μανασσῆ	no_match_in_morph_dict
urn:cts:greekLit:tlg0031.tlg001.wh:1.10.token7	Μανασσῆς	Μανασσῆς	no_match_in_morph_dict
urn:cts:greekLit:tlg0031.tlg001.wh:1.10.token17	Ἰωσείαν	Ἰωσείαν	no_match_in_morph_dict
urn:cts:greekLit:tlg0031.tlg001.wh:1.11.token1	Ἰωσείας	Ἰωσείας	no_match_in_morph_dict
urn:cts:greekLit:tlg0031.tlg001.wh:1.11.token5	Ἰεχονίαν	Ἰεχονίαν	no_match_in_morph_dict
urn:cts:greekLit:tlg0031.tlg001.wh:1.12.token6	Ἰεχονίας	Ἰεχονίας	no_match_in_morph_dict
urn:cts:greekLit:tlg0031.tlg001.wh:1.12.token9	Σαλαθιήλ	Σαλαθιήλ	no_match_in_morph_dict
urn:cts:greekLit:tlg0031.tlg001.wh:1.12.token11	Σαλαθιὴλ	Σαλαθιήλ	no_match_in_morph_dict
urn:cts:greekLit:tlg0031.tlg001.wh:1.12.token15	Ζοροβάβελ	Ζοροβάβελ	no_match_in_morph_dict
urn:cts:greekLit:tlg0031.tlg001.wh:1.13.token1	Ζοροβάβελ	Ζοροβάβελ	no_match_in_morph_dict
urn:cts:greekLit:tlg0031.tlg001.wh:1.13.token5	Ἀβιούδ	Ἀβιούδ	no_match_in_morph_dict
urn:cts:greekLit:tlg0031.tlg001.wh:1.13.token7	Ἀβιοὺδ	Ἀβιούδ	no_match_in_morph_dict
urn:cts:greekLit:tlg0031.tlg001.wh:1.13.token11	Ἐλιακείμ	Ἐλιακείμ	no_match_in_morph_dict
urn:cts:greekLit:tlg0031.tlg001.wh:1.13.token13	Ἐλιακεὶμ	Ἐλιακείμ	no_match_in_morph_dict
urn:cts:greekLit:tlg0031.tlg001.wh:1.13.token17	Ἀζώρ	Ἀζώρ	no_match_in_morph_dict
urn:cts:greekLit:tlg0031.tlg001.wh:1.14.token1	Ἀζὼρ	Ἀζώρ	no_match_in_morph_dict
urn:cts:greekLit:tlg0031.tlg001.wh:1.14.token5	Σαδώκ	Σαδώκ	no_match_in_morph_dict
urn:cts:greekLit:tlg0031.tlg001.wh:1.14.token7	Σαδὼκ	Σαδώκ	no_match_in_morph_dict
urn:cts:greekLit:tlg0031.tlg001.wh:1.14.token11	Ἀχείμ	Ἀχείμ	no_match_in_morph_dict
urn:cts:greekLit:tlg0031.tlg001.wh:1.14.token13	Ἀχεὶμ	Ἀχείμ	no_match_in_morph_dict
urn:cts:greekLit:tlg0031.tlg001.wh:1.14.token17	Ἐλιούδ	Ἐλιούδ	no_match_in_morph_dict
urn:cts:greekLit:tlg0031.tlg001.wh:1.15.token1	Ἐλιοὺδ	Ἐλιούδ	no_match_in_morph_dict
urn:cts:greekLit:tlg0031.tlg001.wh:1.15.token5	Ἐλεάζαρ	Ἐλεάζαρ	no_match_in_morph_dict
urn:cts:greekLit:tlg0031.tlg001.wh:1.15.token7	Ἐλεάζαρ	Ἐλεάζαρ	no_match_in_morph_dict
urn:cts:greekLit:tlg0031.tlg001.wh:1.15.token11	Μαθθάν	Μαθθάν	no_match_in_morph_dict
urn:cts:greekLit:tlg0031.tlg001.wh:1.15.token13	Μαθθὰν	Μαθθάν	no_match_in_morph_dict
urn:cts:greekLit:tlg0031.tlg001.wh:1.15.token17	Ἰακώβ	Ἰακώβ	no_match_in_morph_dict
urn:cts:greekLit:tlg0031.tlg001.wh:1.16.token1	Ἰακὼβ	Ἰακώβ	no_match_in_morph_dict
urn:cts:greekLit:tlg0031.tlg001.wh:1.16.token5	Ἰωσὴφ	Ἰωσήφ	no_match_in_morph_dict
urn:cts:greekLit:tlg0031.tlg001.wh:1.16.token8	Μαρίας	Μαρίας	no_match_in_morph_dict
urn:cts:greekLit:tlg0031.tlg001.wh:1.17.token6	Ἀβραὰμ	Ἀβραάμ	no_match_in_morph_dict
urn:cts:greekLit:tlg0031.tlg001.wh:1.17.token8	Δαυεὶδ	Δαυείδ	no_match_in_morph_dict
urn:cts:greekLit:tlg0031.tlg001.wh:1.17.token10	δεκατέσσαρες	δεκατέσσαρες	no_match_in_morph_dict
urn:cts:greekLit:tlg0031.tlg001.wh:1.17.token14	Δαυεὶδ	Δαυείδ	no_match_in_morph_dict
urn:cts:greekLit:tlg0031.tlg001.wh:1.17.token20	δεκατέσσαρες	δεκατέσσαρες	no_match_in_morph_dict
urn:cts:greekLit:tlg0031.tlg001.wh:1.17.token31	δεκατέσσαρες	δεκατέσσαρες	no_match_in_morph_dict
urn:cts:greekLit:tlg0031.tlg001.wh:1.18.token14	Μαρίας	Μαρίας	no_match_in_morph_dict
urn:cts:greekLit:tlg0031.tlg001.wh:1.18.token16	Ἰωσήφ	Ἰωσήφ	no_match_in_morph_dict
urn:cts:greekLit:tlg0031.tlg001.wh:1.19.token1	Ἰωσὴφ	Ἰωσήφ	no_match_in_morph_dict
urn:cts:greekLit:tlg0031.tlg001.wh:1.20.token13	Ἰωσὴφ	Ἰωσήφ	no_match_in_morph_dict
urn:cts:greekLit:tlg0031.tlg001.wh:1.20.token15	Δαυείδ	Δαυείδ	no_match_in_morph_dict
urn:cts:greekLit:tlg0031.tlg001.wh:1.20.token20	Μαρίαν	Μαρίαν	no_match_in_morph_dict
urn:cts:greekLit:tlg0031.tlg001.wh:1.21.token13	σώσει	σώσει	no_match_in_morph_dict
urn:cts:greekLit:tlg0031.tlg001.wh:1.23.token17	Ἐμμανουήλ	Ἐμμανουήλ	no_match_in_morph_dict
urn:cts:greekLit:tlg0031.tlg001.wh:1.24.token6	Ἰωσὴφ	Ἰωσήφ	no_match_in_morph_dict
urn:cts:greekLit:tlg0031.tlg001.wh:2.1.token6	Βηθλεὲμ	Βηθλεέμ	no_match_in_morph_dict
urn:cts:greekLit:tlg0031.tlg001.wh:2.1.token11	Ἡρῴδου	Ἡρῴδου	no_match_in_morph_dict
urn:cts:greekLit:tlg0031.tlg001.wh:2.1.token21	Ἰεροσόλυμα	Ἰεροσόλυμα	no_match_in_morph_dict
urn:cts:greekLit:tlg0031.tlg001.wh:2.3.token5	Ἡρῴδης	Ἡρῴδης	no_match_in_morph_dict
urn:cts:greekLit:tlg0031.tlg001.wh:2.3.token9	Ἰεροσόλυμα	Ἰεροσόλυμα	no_match_in_morph_dict
urn:cts:greekLit:tlg0031.tlg001.wh:2.5.token6	Βηθλεὲμ	Βηθλεέμ	no_match_in_morph_dict
urn:cts:greekLit:tlg0031.tlg001.wh:2.6.token5	Βηθλεὲμ	Βηθλεέμ	no_match_in_morph_dict
urn:cts:greekLit:tlg0031.tlg001.wh:2.6.token7	Ἰούδα	Ἰούδα	no_match_in_morph_dict
urn:cts:greekLit:tlg0031.tlg001.wh:2.6.token15	Ἰούδα	Ἰούδα	no_match_in_morph_dict
urn:cts:greekLit:tlg0031.tlg001.wh:2.6.token24	ποιμανεῖ	ποιμανεῖ	no_match_in_morph_dict
urn:cts:greekLit:tlg0031.tlg001.wh:2.6.token29	Ἰσραήλ	Ἰσραήλ	no_match_in_morph_dict
urn:cts:greekLit:tlg0031.tlg001.wh:2.7.token2	Ἡρῴδης	Ἡρῴδης	no_match_in_morph_dict
urn:cts:greekLit:tlg0031.tlg001.wh:2.8.token5	Βηθλεὲμ	Βηθλεέμ	no_match_in_morph_dict
urn:cts:greekLit:tlg0031.tlg001.wh:2.11.token10	Μαρίας	Μαρίας	no_match_in_morph_dict
urn:cts:greekLit:tlg0031.tlg001.wh:2.12.token8	Ἡρῴδην	Ἡρῴδην	no_match_in_morph_dict
urn:cts:greekLit:tlg0031.tlg001.wh:2.13.token11	Ἰωσὴφ	Ἰωσήφ	no_match_in_morph_dict
urn:cts:greekLit:tlg0031.tlg001.wh:2.13.token36	Ἡρῴδης	Ἡρῴδης	no_match_in_morph_dict
urn:cts:greekLit:tlg0031.tlg001.wh:2.14.token23	Ἡρῴδου	Ἡρῴδου	no_match_in_morph_dict
urn:cts:greekLit:tlg0031.tlg001.wh:2.16.token2	Ἡρῴδης	Ἡρῴδης	no_match_in_morph_dict
urn:cts:greekLit:tlg0031.tlg001.wh:2.16.token20	Βηθλεὲμ	Βηθλεέμ	no_match_in_morph_dict
urn:cts:greekLit:tlg0031.tlg001.wh:2.17.token6	Ἰερεμίου	Ἰερεμίου	no_match_in_morph_dict
urn:cts:greekLit:tlg0031.tlg001.wh:2.18.token4	Ῥαμὰ	Ῥαμά	no_match_in_morph_dict
urn:cts:greekLit:tlg0031.tlg001.wh:2.18.token12	Ῥαχὴλ	Ῥαχήλ	no_match_in_morph_dict
urn:cts:greekLit:tlg0031.tlg001.wh:2.19.token4	Ἡρῴδου	Ἡρῴδου	no_match_in_morph_dict
urn:cts:greekLit:tlg0031.tlg001.wh:2.19.token12	Ἰωσὴφ	Ἰωσήφ	no_match_in_morph_dict
urn:cts:greekLit:tlg0031.tlg001.wh:2.20.token14	Ἰσραήλ	Ἰσραήλ	no_match_in_morph_dict
urn:cts:greekLit:tlg0031.tlg001.wh:2.20.token16	τεθνήκασιν	τεθνήκασιν	no_match_in_morph_dict
urn:cts:greekLit:tlg0031.tlg001.wh:2.21.token15	Ἰσραήλ	Ἰσραήλ	no_match_in_morph_dict
urn:cts:greekLit:tlg0031.tlg001.wh:2.22.token12	Ἡρῴδου	Ἡρῴδου	no_match_in_morph_dict
urn:cts:greekLit:tlg0031.tlg001.wh:2.22.token26	Γαλιλαίας	Γαλιλαίας	no_match_in_morph_dict
urn:cts:greekLit:tlg0031.tlg001.wh:2.23.token7	Ναζαρέτ	Ναζαρέτ	no_match_in_morph_dict
urn:cts:greekLit:tlg0031.tlg001.wh:2.23.token17	Ναζωραῖος	Ναζωραῖος	no_match_in_morph_dict
urn:cts:greekLit:tlg0031.tlg001.wh:3.1.token7	Ἰωάνης	Ἰωάνης	no_match_in_morph_dict
urn:cts:greekLit:tlg0031.tlg001.wh:3.2.token4	ἤγγικεν	ἤγγικεν	no_match_in_morph_dict
urn:cts:greekLit:tlg0031.tlg001.wh:3.3.token7	Ἠσαίου	Ἠσαίου	no_match_in_morph_dict
urn:cts:greekLit:tlg0031.tlg001.wh:3.4.token4	Ἰωάνης	Ἰωάνης	no_match_in_morph_dict
urn:cts:greekLit:tlg0031.tlg001.wh:3.5.token5	Ἰεροσόλυμα	Ἰεροσόλυμα	no_match_in_morph_dict
urn:cts:greekLit:tlg0031.tlg001.wh:3.5.token15	Ἰορδάνου	Ἰορδάνου	no_match_in_morph_dict
urn:cts:greekLit:tlg0031.tlg001.wh:3.6.token5	Ἰορδάνῃ	Ἰορδάνῃ	no_match_in_morph_dict
urn:cts:greekLit:tlg0031.tlg001.wh:3.7.token5	Φαρισαίων	Φαρισαίων	no_match_in_morph_dict
urn:cts:greekLit:tlg0031.tlg001.wh:3.9.token10	Ἀβραάμ	Ἀβραάμ	no_match_in_morph_dict
urn:cts:greekLit:tlg0031.tlg001.wh:3.9.token26	Ἀβραάμ	Ἀβραάμ	no_match_in_morph_dict
urn:cts:greekLit:tlg0031.tlg001.wh:3.13.token7	Γαλιλαίας	Γαλιλαίας	no_match_in_morph_dict
urn:cts:greekLit:tlg0031.tlg001.wh:3.13.token10	Ἰορδάνην	Ἰορδάνην	no_match_in_morph_dict
urn:cts:greekLit:tlg0031.tlg001.wh:3.13.token13	Ἰωάνην	Ἰωάνην	no_match_in_morph_dict
urn:cts:greekLit:tlg0031.tlg001.wh:4.10.token8	Σατανᾶ	Σατανᾶ	no_match_in_morph_dict
urn:cts:greekLit:tlg0031.tlg001.wh:4.12.token4	Ἰωάνης	Ἰωάνης	no_match_in_morph_dict
urn:cts:greekLit:tlg0031.tlg001.wh:4.12.token9	Γαλιλαίαν	Γαλιλαίαν	no_match_in_morph_dict
urn:cts:greekLit:tlg0031.tlg001.wh:4.13.token4	Ναζαρὰ	Ναζαρά	no_match_in_morph_dict
urn:cts:greekLit:tlg0031.tlg001.wh:4.13.token8	Καφαρναοὺμ	Καφαρναούμ	no_match_in_morph_dict
urn:cts:greekLit:tlg0031.tlg001.wh:4.13.token13	Ζαβουλὼν	Ζαβουλών	no_match_in_morph_dict
urn:cts:greekLit:tlg0031.tlg001.wh:4.13.token15	Νεφθαλείμ	Νεφθαλείμ	no_match_in_morph_dict
urn:cts:greekLit:tlg0031.tlg001.wh:4.14.token6	Ἠσαίου	Ἠσαίου	no_match_in_morph_dict
urn:cts:greekLit:tlg0031.tlg001.wh:4.15.token3	Ζαβουλὼν	Ζαβουλών	no_match_in_morph_dict
urn:cts:greekLit:tlg0031.tlg001.wh:4.15.token6	Νεφθαλείμ	Νεφθαλείμ	no_match_in_morph_dict
urn:cts:greekLit:tlg0031.tlg001.wh:4.15.token13	Ἰορδάνου	Ἰορδάνου	no_match_in_morph_dict
urn:cts:greekLit:tlg0031.tlg001.wh:4.15.token14	Γαλιλαία	Γαλιλαία	no_match_in_morph_dict
urn:cts:greekLit:tlg0031.tlg001.wh:4.17.token11	ἤγγικεν	ἤγγικεν	no_match_in_morph_dict
urn:cts:greekLit:tlg0031.tlg001.wh:4.18.token7	Γαλιλαίας	Γαλιλαίας	no_match_in_morph_dict
urn:cts:greekLit:tlg0031.tlg001.wh:4.18.token17	Ἀνδρέαν	Ἀνδρέαν	no_match_in_morph_dict
urn:cts:greekLit:tlg0031.tlg001.wh:4.21.token9	Ἰάκωβον	Ἰάκωβον	no_match_in_morph_dict
urn:cts:greekLit:tlg0031.tlg001.wh:4.21.token12	Ζεβεδαίου	Ζεβεδαίου	no_match_in_morph_dict
urn:cts:greekLit:tlg0031.tlg001.wh:4.21.token14	Ἰωάνην	Ἰωάνην	no_match_in_morph_dict
urn:cts:greekLit:tlg0031.tlg001.wh:4.21.token23	Ζεβεδαίου	Ζεβεδαίου	no_match_in_morph_dict
urn:cts:greekLit:tlg0031.tlg001.wh:4.23.token6	Γαλιλαίᾳ	Γαλιλαίᾳ	no_match_in_morph_dict
urn:cts:greekLit:tlg0031.tlg001.wh:4.25.token8	Γαλιλαίας	Γαλιλαίας	no_match_in_morph_dict
urn:cts:greekLit:tlg0031.tlg001.wh:4.25.token12	Ἰεροσολύμων	Ἰεροσολύμων	no_match_in_morph_dict
urn:cts:greekLit:tlg0031.tlg001.wh:4.25.token18	Ἰορδάνου	Ἰορδάνου	no_match_in_morph_dict
urn:cts:greekLit:tlg0031.tlg001.wh:5.13.token12	μωρανθῇ	μωρανθῇ	no_match_in_morph_dict
urn:cts:greekLit:tlg0031.tlg001.wh:5.18.token19	κερέα	κερέα	no_match_in_morph_dict
urn:cts:greekLit:tlg0031.tlg001.wh:5.20.token15	Φαρισαίων	Φαρισαίων	no_match_in_morph_dict
urn:cts:greekLit:tlg0031.tlg001.wh:5.21.token3	ἐρρέθη	ἐρρέθη	no_match_in_morph_dict
urn:cts:greekLit:tlg0031.tlg001.wh:5.24.token13	διαλλάγηθι	διαλλάγηθι	no_match_in_morph_dict
urn:cts:greekLit:tlg0031.tlg001.wh:5.27.token3	ἐρρέθη	ἐρρέθη	no_match_in_morph_dict
urn:cts:greekLit:tlg0031.tlg001.wh:5.31.token1	Ἐρρέθη	Ἐρρέθη	no_match_in_morph_dict
urn:cts:greekLit:tlg0031.tlg001.wh:5.31.token13	ἀποστάσιον	ἀποστάσιον	no_match_in_morph_dict
urn:cts:greekLit:tlg0031.tlg001.wh:5.33.token4	ἐρρέθη	ἐρρέθη	no_match_in_morph_dict
urn:cts:greekLit:tlg0031.tlg001.wh:5.35.token19	Ἰεροσόλυμα	Ἰεροσόλυμα	no_match_in_morph_dict
urn:cts:greekLit:tlg0031.tlg001.wh:5.38.token3	ἐρρέθη	ἐρρέθη	no_match_in_morph_dict
urn:cts:greekLit:tlg0031.tlg001.wh:5.43.token3	ἐρρέθη	ἐρρέθη	no_match_in_morph_dict
urn:cts:greekLit:tlg0031.tlg001.wh:6.1.token20	μήγε	μήγε	no_match_in_morph_dict
urn:cts:greekLit:tlg0031.tlg001.wh:6.7.token4	βατταλογήσητε	βατταλογήσητε	no_match_in_morph_dict
urn:cts:greekLit:tlg0031.tlg001.wh:6.22.token21	φωτινὸν	φωτινόν	no_match_in_morph_dict
urn:cts:greekLit:tlg0031.tlg001.wh:6.23.token13	σκοτινὸν	σκοτινόν	no_match_in_morph_dict
urn:cts:greekLit:tlg0031.tlg001.wh:6.24.token30	μαμωνᾷ	μαμωνᾷ	no_match_in_morph_dict
urn:cts:greekLit:tlg0031.tlg001.wh:6.29.token6	Σολομὼν	Σολομών	no_match_in_morph_dict
urn:cts:greekLit:tlg0031.tlg001.wh:7.15.token13	ἔσωθεν	ἔσωθεν	no_match_in_morph_dict
urn:cts:greekLit:tlg0031.tlg001.wh:7.20.token1	ἄραγε	ἄραγε	no_match_in_morph_dict
urn:cts:greekLit:tlg0031.tlg001.wh:7.25.token14	προσέπεσαν	προσέπεσαν	no_match_in_morph_dict
urn:cts:greekLit:tlg0031.tlg001.wh:8.3.token14	ἐκαθερίσθη	ἐκαθερίσθη	no_match_in_morph_dict
urn:cts:greekLit:tlg0031.tlg001.wh:8.4.token25	Μωυσῆς	Μωυσῆς	no_match_in_morph_dict
urn:cts:greekLit:tlg0031.tlg001.wh:8.5.token5	Καφαρναοὺμ	Καφαρναούμ	no_match_in_morph_dict
urn:cts:greekLit:tlg0031.tlg001.wh:8.10.token20	Ἰσραὴλ	Ἰσραήλ	no_match_in_morph_dict
urn:cts:greekLit:tlg0031.tlg001.wh:8.11.token16	Ἀβραὰμ	Ἀβραάμ	no_match_in_morph_dict
urn:cts:greekLit:tlg0031.tlg001.wh:8.11.token18	Ἰσαὰκ	Ἰσαάκ	no_match_in_morph_dict
urn:cts:greekLit:tlg0031.tlg001.wh:8.11.token20	Ἰακὼβ	Ἰακώβ	no_match_in_morph_dict
urn:cts:greekLit:tlg0031.tlg001.wh:8.12.token11	ἐξώτερον	ἐξώτερον	no_match_in_morph_dict
urn:cts:greekLit:tlg0031.tlg001.wh:8.17.token6	Ἠσαίου	Ἠσαίου	no_match_in_morph_dict
urn:cts:greekLit:tlg0031.tlg001.wh:8.24.token20	ἐκάθευδεν	ἐκάθευδεν	no_match_in_morph_dict
urn:cts:greekLit:tlg0031.tlg001.wh:8.25.token8	σῶσον	σῶσον	no_match_in_morph_dict
urn:cts:greekLit:tlg0031.tlg001.wh:8.27.token6	Ποταπός	Ποταπός	no_match_in_morph_dict
urn:cts:greekLit:tlg0031.tlg001.wh:8.28.token11	Γαδαρηνῶν	Γαδαρηνῶν	no_match_in_morph_dict
urn:cts:greekLit:tlg0031.tlg001.wh:8.32.token28	ἀπέθανον	ἀπέθανον	no_match_in_morph_dict
urn:cts:greekLit:tlg0031.tlg001.wh:9.9.token13	Μαθθαῖον	Μαθθαῖον	no_match_in_morph_dict
urn:cts:greekLit:tlg0031.tlg001.wh:9.11.token4	Φαρισαῖοι	Φαρισαῖοι	no_match_in_morph_dict
urn:cts:greekLit:tlg0031.tlg001.wh:9.14.token6	Ἰωάνου	Ἰωάνου	no_match_in_morph_dict
urn:cts:greekLit:tlg0031.tlg001.wh:9.14.token13	Φαρισαῖοι	Φαρισαῖοι	no_match_in_morph_dict
urn:cts:greekLit:tlg0031.tlg001.wh:9.17.token11	μήγε	μήγε	no_match_in_morph_dict
urn:cts:greekLit:tlg0031.tlg001.wh:9.21.token11	σωθήσομαι	σωθήσομαι	no_match_in_morph_dict
urn:cts:greekLit:tlg0031.tlg001.wh:9.22.token16	σέσωκέν	σέσωκέν	no_match_in_morph_dict
urn:cts:greekLit:tlg0031.tlg001.wh:9.24.token6	ἀπέθανεν	ἀπέθανεν	no_match_in_morph_dict
urn:cts:greekLit:tlg0031.tlg001.wh:9.27.token16	Δαυείδ	Δαυείδ	no_match_in_morph_dict
urn:cts:greekLit:tlg0031.tlg001.wh:9.33.token19	Ἰσραήλ	Ἰσραήλ	no_match_in_morph_dict
urn:cts:greekLit:tlg0031.tlg001.wh:9.34.token4	Φαρισαῖοι	Φαρισαῖοι	no_match_in_morph_dict
urn:cts:greekLit:tlg0031.tlg001.wh:9.36.token12	ἐριμμένοι	ἐριμμένοι	no_match_in_morph_dict
urn:cts:greekLit:tlg0031.tlg001.wh:10.2.token16	Ἀνδρέας	Ἀνδρέας	no_match_in_morph_dict
urn:cts:greekLit:tlg0031.tlg001.wh:10.2.token21	Ἰάκωβος	Ἰάκωβος	no_match_in_morph_dict
urn:cts:greekLit:tlg0031.tlg001.wh:10.2.token24	Ζεβεδαίου	Ζεβεδαίου	no_match_in_morph_dict
urn:cts:greekLit:tlg0031.tlg001.wh:10.2.token26	Ἰωάνης	Ἰωάνης	no_match_in_morph_dict
urn:cts:greekLit:tlg0031.tlg001.wh:10.3.token3	Βαρθολομαῖος	Βαρθολομαῖος	no_match_in_morph_dict
urn:cts:greekLit:tlg0031.tlg001.wh:10.3.token7	Μαθθαῖος	Μαθθαῖος	no_match_in_morph_dict
urn:cts:greekLit:tlg0031.tlg001.wh:10.3.token11	Ἰάκωβος	Ἰάκωβος	no_match_in_morph_dict
urn:cts:greekLit:tlg0031.tlg001.wh:10.3.token14	Ἁλφαίου	Ἁλφαίου	no_match_in_morph_dict
urn:cts:greekLit:tlg0031.tlg001.wh:10.3.token16	Θαδδαῖος	Θαδδαῖος	no_match_in_morph_dict
urn:cts:greekLit:tlg0031.tlg001.wh:10.4.token3	Καναναῖος	Καναναῖος	no_match_in_morph_dict
urn:cts:greekLit:tlg0031.tlg001.wh:10.4.token5	Ἰούδας	Ἰούδας	no_match_in_morph_dict
urn:cts:greekLit:tlg0031.tlg001.wh:10.4.token7	Ἰσκαριώτης	Ἰσκαριώτης	no_match_in_morph_dict
urn:cts:greekLit:tlg0031.tlg001.wh:10.5.token19	Σαμαρειτῶν	Σαμαρειτῶν	no_match_in_morph_dict
urn:cts:greekLit:tlg0031.tlg001.wh:10.6.token11	Ἰσραήλ	Ἰσραήλ	no_match_in_morph_dict
urn:cts:greekLit:tlg0031.tlg001.wh:10.7.token6	Ἤγγικεν	Ἤγγικεν	no_match_in_morph_dict
urn:cts:greekLit:tlg0031.tlg001.wh:10.15.token8	Σοδόμων	Σοδόμων	no_match_in_morph_dict
urn:cts:greekLit:tlg0031.tlg001.wh:10.15.token10	Γομόρρων	Γομόρρων	no_match_in_morph_dict
urn:cts:greekLit:tlg0031.tlg001.wh:10.22.token17	σωθήσεται	σωθήσεται	no_match_in_morph_dict
urn:cts:greekLit:tlg0031.tlg001.wh:10.23.token28	Ἰσραὴλ	Ἰσραήλ	no_match_in_morph_dict
urn:cts:greekLit:tlg0031.tlg001.wh:10.25.token22	Βεεζεβοὺλ	Βεεζεβούλ	no_match_in_morph_dict
urn:cts:greekLit:tlg0031.tlg001.wh:10.41.token9	λήμψεται	λήμψεται	no_match_in_morph_dict
urn:cts:greekLit:tlg0031.tlg001.wh:10.41.token20	λήμψεται	λήμψεται	no_match_in_morph_dict
urn:cts:greekLit:tlg0031.tlg001.wh:11.2.token3	Ἰωάνης	Ἰωάνης	no_match_in_morph_dict
urn:cts:greekLit:tlg0031.tlg001.wh:11.4.token9	Ἰωάνει	Ἰωάνει	no_match_in_morph_dict
urn:cts:greekLit:tlg0031.tlg001.wh:11.7.token11	Ἰωάνου	Ἰωάνου	no_match_in_morph_dict
urn:cts:greekLit:tlg0031.tlg001.wh:11.8.token9	ἠμφιεσμένον	ἠμφιεσμένον	no_match_in_morph_dict
urn:cts:greekLit:tlg0031.tlg001.wh:11.11.token11	Ἰωάνου	Ἰωάνου	no_match_in_morph_dict
urn:cts:greekLit:tlg0031.tlg001.wh:11.12.token5	Ἰωάνου	Ἰωάνου	no_match_in_morph_dict
urn:cts:greekLit:tlg0031.tlg001.wh:11.13.token9	Ἰωάνου	Ἰωάνου	no_match_in_morph_dict
urn:cts:greekLit:tlg0031.tlg001.wh:11.14.token8	Ἠλείας	Ἠλείας	no_match_in_morph_dict
urn:cts:greekLit:tlg0031.tlg001.wh:11.18.token3	Ἰωάνης	Ἰωάνης	no_match_in_morph_dict
urn:cts:greekLit:tlg0031.tlg001.wh:11.21.token4	Χοραζείν	Χοραζείν	no_match_in_morph_dict
urn:cts:greekLit:tlg0031.tlg001.wh:11.21.token9	Βηθσαιδάν	Βηθσαιδάν	no_match_in_morph_dict
urn:cts:greekLit:tlg0031.tlg001.wh:11.23.token4	Καφαρναούμ	Καφαρναούμ	no_match_in_morph_dict
urn:cts:greekLit:tlg0031.tlg001.wh:11.23.token20	Σοδόμοις	Σοδόμοις	no_match_in_morph_dict
urn:cts:greekLit:tlg0031.tlg001.wh:11.24.token6	Σοδόμων	Σοδόμων	no_match_in_morph_dict
urn:cts:greekLit:tlg0031.tlg001.wh:12.1.token9	σάββασιν	σάββασιν	no_match_in_morph_dict
urn:cts:greekLit:tlg0031.tlg001.wh:12.2.token3	Φαρισαῖοι	Φαρισαῖοι	no_match_in_morph_dict
urn:cts:greekLit:tlg0031.tlg001.wh:12.2.token17	σαββάτῳ	σαββάτῳ	no_match_in_morph_dict
urn:cts:greekLit:tlg0031.tlg001.wh:12.3.token9	Δαυεὶδ	Δαυείδ	no_match_in_morph_dict
urn:cts:greekLit:tlg0031.tlg001.wh:12.5.token9	σάββασιν	σάββασιν	no_match_in_morph_dict
urn:cts:greekLit:tlg0031.tlg001.wh:12.7.token3	ἐγνώκειτε	ἐγνώκειτε	no_match_in_morph_dict
urn:cts:greekLit:tlg0031.tlg001.wh:12.8.token5	σαββάτου	σαββάτου	no_match_in_morph_dict
urn:cts:greekLit:tlg0031.tlg001.wh:12.10.token15	σάββασιν	σάββασιν	no_match_in_morph_dict
urn:cts:greekLit:tlg0031.tlg001.wh:12.11.token22	σάββασιν	σάββασιν	no_match_in_morph_dict
urn:cts:greekLit:tlg0031.tlg001.wh:12.12.token10	σάββασιν	σάββασιν	no_match_in_morph_dict
urn:cts:greekLit:tlg0031.tlg001.wh:12.13.token14	ἀπεκατεστάθη	ἀπεκατεστάθη	no_match_in_morph_dict
urn:cts:greekLit:tlg0031.tlg001.wh:12.14.token4	Φαρισαῖοι	Φαρισαῖοι	no_match_in_morph_dict
urn:cts:greekLit:tlg0031.tlg001.wh:12.17.token6	Ἠσαίου	Ἠσαίου	no_match_in_morph_dict
urn:cts:greekLit:tlg0031.tlg001.wh:12.23.token13	Δαυείδ	Δαυείδ	no_match_in_morph_dict
urn:cts:greekLit:tlg0031.tlg001.wh:12.24.token3	Φαρισαῖοι	Φαρισαῖοι	no_match_in_morph_dict
urn:cts:greekLit:tlg0031.tlg001.wh:12.24.token15	Βεεζεβοὺλ	Βεεζεβούλ	no_match_in_morph_dict
urn:cts:greekLit:tlg0031.tlg001.wh:12.26.token4	Σατανᾶς	Σατανᾶς	no_match_in_morph_dict
urn:cts:greekLit:tlg0031.tlg001.wh:12.26.token6	Σατανᾶν	Σατανᾶν	no_match_in_morph_dict
urn:cts:greekLit:tlg0031.tlg001.wh:12.27.token5	Βεεζεβοὺλ	Βεεζεβούλ	no_match_in_morph_dict
urn:cts:greekLit:tlg0031.tlg001.wh:12.38.token8	Φαρισαίων	Φαρισαίων	no_match_in_morph_dict
urn:cts:greekLit:tlg0031.tlg001.wh:12.39.token22	Ἰωνᾶ	Ἰωνᾶ	no_match_in_morph_dict
urn:cts:greekLit:tlg0031.tlg001.wh:12.40.token5	Ἰωνᾶς	Ἰωνᾶς	no_match_in_morph_dict
urn:cts:greekLit:tlg0031.tlg001.wh:12.41.token2	Νινευεῖται	Νινευεῖται	no_match_in_morph_dict
urn:cts:greekLit:tlg0031.tlg001.wh:12.41.token20	Ἰωνᾶ	Ἰωνᾶ	no_match_in_morph_dict
urn:cts:greekLit:tlg0031.tlg001.wh:12.41.token25	Ἰωνᾶ	Ἰωνᾶ	no_match_in_morph_dict
urn:cts:greekLit:tlg0031.tlg001.wh:12.42.token25	Σολομῶνος	Σολομῶνος	no_match_in_morph_dict
urn:cts:greekLit:tlg0031.tlg001.wh:12.42.token30	Σολομῶνος	Σολομῶνος	no_match_in_morph_dict
urn:cts:greekLit:tlg0031.tlg001.wh:12.46.token13	ἱστήκεισαν	ἱστήκεισαν	no_match_in_morph_dict
urn:cts:greekLit:tlg0031.tlg001.wh:13.1.token10	ἐκάθητο	ἐκάθητο	no_match_in_morph_dict
urn:cts:greekLit:tlg0031.tlg001.wh:13.2.token22	ἱστήκει	ἱστήκει	no_match_in_morph_dict
urn:cts:greekLit:tlg0031.tlg001.wh:13.4.token18	αὐτα	αὐτα	no_match_in_morph_dict
urn:cts:greekLit:tlg0031.tlg001.wh:13.13.token17	συνίουσιν	συνίουσιν	no_match_in_morph_dict
urn:cts:greekLit:tlg0031.tlg001.wh:13.14.token6	Ἠσαίου	Ἠσαίου	no_match_in_morph_dict
urn:cts:greekLit:tlg0031.tlg001.wh:13.15.token20	ἐκάμμυσαν	ἐκάμμυσαν	no_match_in_morph_dict
urn:cts:greekLit:tlg0031.tlg001.wh:13.17.token16	εἶδαν	εἶδαν	no_match_in_morph_dict
urn:cts:greekLit:tlg0031.tlg001.wh:13.28.token17	συλλέξωμεν	συλλέξωμεν	no_match_in_morph_dict
urn:cts:greekLit:tlg0031.tlg001.wh:13.30.token16	Συλλέξατε	Συλλέξατε	no_match_in_morph_dict
urn:cts:greekLit:tlg0031.tlg001.wh:13.32.token30	κατασκηνοῖν	κατασκηνοῖν	no_match_in_morph_dict
urn:cts:greekLit:tlg0031.tlg001.wh:13.41.token19	σκάνδαλα	σκάνδαλα	no_match_in_morph_dict
urn:cts:greekLit:tlg0031.tlg001.wh:13.48.token10	συνέλεξαν	συνέλεξαν	no_match_in_morph_dict
urn:cts:greekLit:tlg0031.tlg001.wh:13.55.token14	Μαριὰμ	Μαριάμ	no_match_in_morph_dict
urn:cts:greekLit:tlg0031.tlg001.wh:13.55.token19	Ἰάκωβος	Ἰάκωβος	no_match_in_morph_dict
urn:cts:greekLit:tlg0031.tlg001.wh:13.55.token21	Ἰωσὴφ	Ἰωσήφ	no_match_in_morph_dict
urn:cts:greekLit:tlg0031.tlg001.wh:13.55.token25	Ἰούδας	Ἰούδας	no_match_in_morph_dict
urn:cts:greekLit:tlg0031.tlg001.wh:14.1.token6	Ἡρῴδης	Ἡρῴδης	no_match_in_morph_dict
urn:cts:greekLit:tlg0031.tlg001.wh:14.1.token8	τετραάρχης	τετραάρχης	no_match_in_morph_dict
urn:cts:greekLit:tlg0031.tlg001.wh:14.2.token8	Ἰωάνης	Ἰωάνης	no_match_in_morph_dict
urn:cts:greekLit:tlg0031.tlg001.wh:14.3.token3	Ἡρῴδης	Ἡρῴδης	no_match_in_morph_dict
urn:cts:greekLit:tlg0031.tlg001.wh:14.3.token6	Ἰωάνην	Ἰωάνην	no_match_in_morph_dict
urn:cts:greekLit:tlg0031.tlg001.wh:14.3.token13	Ἡρῳδιάδα	Ἡρῳδιάδα	no_match_in_morph_dict
urn:cts:greekLit:tlg0031.tlg001.wh:14.4.token4	Ἰωάνης	Ἰωάνης	no_match_in_morph_dict
urn:cts:greekLit:tlg0031.tlg001.wh:14.6.token5	Ἡρῴδου	Ἡρῴδου	no_match_in_morph_dict
urn:cts:greekLit:tlg0031.tlg001.wh:14.6.token10	Ἡρῳδιάδος	Ἡρῳδιάδος	no_match_in_morph_dict
urn:cts:greekLit:tlg0031.tlg001.wh:14.6.token17	Ἡρῴδῃ	Ἡρῴδῃ	no_match_in_morph_dict
urn:cts:greekLit:tlg0031.tlg001.wh:14.8.token18	Ἰωάνου	Ἰωάνου	no_match_in_morph_dict
urn:cts:greekLit:tlg0031.tlg001.wh:14.10.token4	Ἰωάνην	Ἰωάνην	no_match_in_morph_dict
urn:cts:greekLit:tlg0031.tlg001.wh:14.30.token14	σῶσόν	σῶσόν	no_match_in_morph_dict
urn:cts:greekLit:tlg0031.tlg001.wh:14.34.token8	Γεννησαρέτ	Γεννησαρέτ	no_match_in_morph_dict
urn:cts:greekLit:tlg0031.tlg001.wh:15.1.token6	Ἰεροσολύμων	Ἰεροσολύμων	no_match_in_morph_dict
urn:cts:greekLit:tlg0031.tlg001.wh:15.1.token7	Φαρισαῖοι	Φαρισαῖοι	no_match_in_morph_dict
urn:cts:greekLit:tlg0031.tlg001.wh:15.7.token7	Ἠσαίας	Ἠσαίας	no_match_in_morph_dict
urn:cts:greekLit:tlg0031.tlg001.wh:15.12.token10	Φαρισαῖοι	Φαρισαῖοι	no_match_in_morph_dict
urn:cts:greekLit:tlg0031.tlg001.wh:15.22.token17	Δαυείδ	Δαυείδ	no_match_in_morph_dict
urn:cts:greekLit:tlg0031.tlg001.wh:15.24.token15	Ἰσραήλ	Ἰσραήλ	no_match_in_morph_dict
urn:cts:greekLit:tlg0031.tlg001.wh:15.29.token11	Γαλιλαίας	Γαλιλαίας	no_match_in_morph_dict
urn:cts:greekLit:tlg0031.tlg001.wh:15.29.token18	ἐκάθητο	ἐκάθητο	no_match_in_morph_dict
urn:cts:greekLit:tlg0031.tlg001.wh:15.31.token19	Ἰσραήλ	Ἰσραήλ	no_match_in_morph_dict
urn:cts:greekLit:tlg0031.tlg001.wh:15.39.token15	Μαγαδάν	Μαγαδάν	no_match_in_morph_dict
urn:cts:greekLit:tlg0031.tlg001.wh:16.1.token6	Φαρισαῖοι	Φαρισαῖοι	no_match_in_morph_dict
urn:cts:greekLit:tlg0031.tlg001.wh:16.1.token16	ἐπιδεῖξαι	ἐπιδεῖξαι	no_match_in_morph_dict
urn:cts:greekLit:tlg0031.tlg001.wh:16.2.token6	⟦Ὀψίας	⟦Ὀψίας	no_match_in_morph_dict
urn:cts:greekLit:tlg0031.tlg001.wh:16.4.token17	Ἰωνᾶ	Ἰωνᾶ	no_match_in_morph_dict
urn:cts:greekLit:tlg0031.tlg001.wh:16.5.token8	ἐπελάθοντο	ἐπελάθοντο	no_match_in_morph_dict
urn:cts:greekLit:tlg0031.tlg001.wh:16.6.token13	Φαρισαίων	Φαρισαίων	no_match_in_morph_dict
urn:cts:greekLit:tlg0031.tlg001.wh:16.11.token17	Φαρισαίων	Φαρισαίων	no_match_in_morph_dict
urn:cts:greekLit:tlg0031.tlg001.wh:16.12.token19	Φαρισαίων	Φαρισαίων	no_match_in_morph_dict
urn:cts:greekLit:tlg0031.tlg001.wh:16.13.token8	Καισαρίας	Καισαρίας	no_match_in_morph_dict
urn:cts:greekLit:tlg0031.tlg001.wh:16.14.token6	Ἰωάνην	Ἰωάνην	no_match_in_morph_dict
urn:cts:greekLit:tlg0031.tlg001.wh:16.14.token12	Ἠλείαν	Ἠλείαν	no_match_in_morph_dict
urn:cts:greekLit:tlg0031.tlg001.wh:16.14.token16	Ἰερεμίαν	Ἰερεμίαν	no_match_in_morph_dict
urn:cts:greekLit:tlg0031.tlg001.wh:16.17.token11	Βαριωνᾶ	Βαριωνᾶ	no_match_in_morph_dict
urn:cts:greekLit:tlg0031.tlg001.wh:16.21.token14	Ἰεροσόλυμα	Ἰεροσόλυμα	no_match_in_morph_dict
urn:cts:greekLit:tlg0031.tlg001.wh:16.23.token11	Σατανᾶ	Σατανᾶ	no_match_in_morph_dict
urn:cts:greekLit:tlg0031.tlg001.wh:16.25.token8	σῶσαι	σῶσαι	no_match_in_morph_dict
urn:cts:greekLit:tlg0031.tlg001.wh:17.1.token11	Ἰάκωβον	Ἰάκωβον	no_match_in_morph_dict
urn:cts:greekLit:tlg0031.tlg001.wh:17.1.token13	Ἰωάνην	Ἰωάνην	no_match_in_morph_dict
urn:cts:greekLit:tlg0031.tlg001.wh:17.3.token5	Μωυσῆς	Μωυσῆς	no_match_in_morph_dict
urn:cts:greekLit:tlg0031.tlg001.wh:17.3.token7	Ἠλείας	Ἠλείας	no_match_in_morph_dict
urn:cts:greekLit:tlg0031.tlg001.wh:17.4.token27	Μωυσεῖ	Μωυσεῖ	no_match_in_morph_dict
urn:cts:greekLit:tlg0031.tlg001.wh:17.4.token30	Ἠλείᾳ	Ἠλείᾳ	no_match_in_morph_dict
urn:cts:greekLit:tlg0031.tlg001.wh:17.5.token6	φωτινὴ	φωτινή	no_match_in_morph_dict
urn:cts:greekLit:tlg0031.tlg001.wh:17.10.token13	Ἠλείαν	Ἠλείαν	no_match_in_morph_dict
urn:cts:greekLit:tlg0031.tlg001.wh:17.11.token6	Ἠλείας	Ἠλείας	no_match_in_morph_dict
urn:cts:greekLit:tlg0031.tlg001.wh:17.12.token5	Ἠλείας	Ἠλείας	no_match_in_morph_dict
urn:cts:greekLit:tlg0031.tlg001.wh:17.13.token7	Ἰωάνου	Ἰωάνου	no_match_in_morph_dict
urn:cts:greekLit:tlg0031.tlg001.wh:17.20.token7	ὀλιγοπιστίαν	ὀλιγοπιστίαν	no_match_in_morph_dict
urn:cts:greekLit:tlg0031.tlg001.wh:17.22.token6	Γαλιλαίᾳ	Γαλιλαίᾳ	no_match_in_morph_dict
urn:cts:greekLit:tlg0031.tlg001.wh:17.24.token5	Καφαρναοὺμ	Καφαρναούμ	no_match_in_morph_dict
urn:cts:greekLit:tlg0031.tlg001.wh:17.26.token11	Ἄραγε	Ἄραγε	no_match_in_morph_dict
urn:cts:greekLit:tlg0031.tlg001.wh:18.7.token12	σκάνδαλα	σκάνδαλα	no_match_in_morph_dict
urn:cts:greekLit:tlg0031.tlg001.wh:19.1.token14	Γαλιλαίας	Γαλιλαίας	no_match_in_morph_dict
urn:cts:greekLit:tlg0031.tlg001.wh:19.1.token24	Ἰορδάνου	Ἰορδάνου	no_match_in_morph_dict
urn:cts:greekLit:tlg0031.tlg001.wh:19.3.token4	Φαρισαῖοι	Φαρισαῖοι	no_match_in_morph_dict
urn:cts:greekLit:tlg0031.tlg001.wh:19.7.token5	Μωυσῆς	Μωυσῆς	no_match_in_morph_dict
urn:cts:greekLit:tlg0031.tlg001.wh:19.8.token4	Μωυσῆς	Μωυσῆς	no_match_in_morph_dict
urn:cts:greekLit:tlg0031.tlg001.wh:19.25.token11	σωθῆναι	σωθῆναι	no_match_in_morph_dict
urn:cts:greekLit:tlg0031.tlg001.wh:19.28.token16	παλινγενεσίᾳ	παλινγενεσίᾳ	no_match_in_morph_dict
urn:cts:greekLit:tlg0031.tlg001.wh:19.28.token40	Ἰσραήλ	Ἰσραήλ	no_match_in_morph_dict
urn:cts:greekLit:tlg0031.tlg001.wh:19.29.token24	λήμψεται	λήμψεται	no_match_in_morph_dict
urn:cts:greekLit:tlg0031.tlg001.wh:20.10.token8	λήμψονται	λήμψονται	no_match_in_morph_dict
urn:cts:greekLit:tlg0031.tlg001.wh:20.17.token6	Ἰεροσόλυμα	Ἰεροσόλυμα	no_match_in_morph_dict
urn:cts:greekLit:tlg0031.tlg001.wh:20.18.token4	Ἰεροσόλυμα	Ἰεροσόλυμα	no_match_in_morph_dict
urn:cts:greekLit:tlg0031.tlg001.wh:20.20.token8	Ζεβεδαίου	Ζεβεδαίου	no_match_in_morph_dict
urn:cts:greekLit:tlg0031.tlg001.wh:20.29.token5	Ἰερειχὼ	Ἰερειχώ	no_match_in_morph_dict
urn:cts:greekLit:tlg0031.tlg001.wh:20.30.token23	Δαυείδ	Δαυείδ	no_match_in_morph_dict
urn:cts:greekLit:tlg0031.tlg001.wh:20.31.token20	Δαυείδ	Δαυείδ	no_match_in_morph_dict
urn:cts:greekLit:tlg0031.tlg001.wh:21.1.token3	ἤγγισαν	ἤγγισαν	no_match_in_morph_dict
urn:cts:greekLit:tlg0031.tlg001.wh:21.1.token5	Ἰεροσόλυμα	Ἰεροσόλυμα	no_match_in_morph_dict
urn:cts:greekLit:tlg0031.tlg001.wh:21.1.token9	Βηθφαγὴ	Βηθφαγή	no_match_in_morph_dict
urn:cts:greekLit:tlg0031.tlg001.wh:21.2.token8	κατέναντι	κατέναντι	no_match_in_morph_dict
urn:cts:greekLit:tlg0031.tlg001.wh:21.5.token5	Σιών	Σιών	no_match_in_morph_dict
urn:cts:greekLit:tlg0031.tlg001.wh:21.9.token13	Ὡσαννὰ	Ὡσαννά	no_match_in_morph_dict
urn:cts:greekLit:tlg0031.tlg001.wh:21.9.token16	Δαυείδ	Δαυείδ	no_match_in_morph_dict
urn:cts:greekLit:tlg0031.tlg001.wh:21.9.token19	Εὐλογημένος	Εὐλογημένος	no_match_in_morph_dict
urn:cts:greekLit:tlg0031.tlg001.wh:21.9.token27	Ὡσαννὰ	Ὡσαννά	no_match_in_morph_dict
urn:cts:greekLit:tlg0031.tlg001.wh:21.10.token5	Ἰεροσόλυμα	Ἰεροσόλυμα	no_match_in_morph_dict
urn:cts:greekLit:tlg0031.tlg001.wh:21.11.token18	Ναζαρὲθ	Ναζαρέθ	no_match_in_morph_dict
urn:cts:greekLit:tlg0031.tlg001.wh:21.11.token20	Γαλιλαίας	Γαλιλαίας	no_match_in_morph_dict
urn:cts:greekLit:tlg0031.tlg001.wh:21.15.token22	Ὡσαννὰ	Ὡσαννά	no_match_in_morph_dict
urn:cts:greekLit:tlg0031.tlg001.wh:21.15.token25	Δαυείδ	Δαυείδ	no_match_in_morph_dict
urn:cts:greekLit:tlg0031.tlg001.wh:21.17.token9	Βηθανίαν	Βηθανίαν	no_match_in_morph_dict
urn:cts:greekLit:tlg0031.tlg001.wh:21.19.token3	συκῆν	συκῆν	no_match_in_morph_dict
urn:cts:greekLit:tlg0031.tlg001.wh:21.19.token39	συκῆ	συκῆ	no_match_in_morph_dict
urn:cts:greekLit:tlg0031.tlg001.wh:21.20.token11	συκῆ	συκῆ	no_match_in_morph_dict
urn:cts:greekLit:tlg0031.tlg001.wh:21.22.token10	λήμψεσθε	λήμψεσθε	no_match_in_morph_dict
urn:cts:greekLit:tlg0031.tlg001.wh:21.25.token4	Ἰωάνου	Ἰωάνου	no_match_in_morph_dict
urn:cts:greekLit:tlg0031.tlg001.wh:21.26.token17	Ἰωάνην	Ἰωάνην	no_match_in_morph_dict
urn:cts:greekLit:tlg0031.tlg001.wh:21.30.token16	μεταμεληθεὶς	μεταμεληθείς	no_match_in_morph_dict
urn:cts:greekLit:tlg0031.tlg001.wh:21.32.token3	Ἰωάνης	Ἰωάνης	no_match_in_morph_dict
urn:cts:greekLit:tlg0031.tlg001.wh:21.32.token28	μετεμελήθητε	μετεμελήθητε	no_match_in_morph_dict
urn:cts:greekLit:tlg0031.tlg001.wh:21.33.token27	ἐξέδετο	ἐξέδετο	no_match_in_morph_dict
urn:cts:greekLit:tlg0031.tlg001.wh:21.34.token3	ἤγγισεν	ἤγγισεν	no_match_in_morph_dict
urn:cts:greekLit:tlg0031.tlg001.wh:21.44.token9	συνθλασθήσεται	συνθλασθήσεται	no_match_in_morph_dict
urn:cts:greekLit:tlg0031.tlg001.wh:21.45.token7	Φαρισαῖοι	Φαρισαῖοι	no_match_in_morph_dict
urn:cts:greekLit:tlg0031.tlg001.wh:22.13.token18	ἐξώτερον	ἐξώτερον	no_match_in_morph_dict
urn:cts:greekLit:tlg0031.tlg001.wh:22.15.token4	Φαρισαῖοι	Φαρισαῖοι	no_match_in_morph_dict
urn:cts:greekLit:tlg0031.tlg001.wh:22.16.token9	Ἡρῳδιανῶν	Ἡρῳδιανῶν	no_match_in_morph_dict
urn:cts:greekLit:tlg0031.tlg001.wh:22.19.token1	ἐπιδείξατέ	ἐπιδείξατέ	no_match_in_morph_dict
urn:cts:greekLit:tlg0031.tlg001.wh:22.24.token4	Μωυσῆς	Μωυσῆς	no_match_in_morph_dict
urn:cts:greekLit:tlg0031.tlg001.wh:22.24.token9	ἀποθάνῃ	ἀποθάνῃ	no_match_in_morph_dict
urn:cts:greekLit:tlg0031.tlg001.wh:22.27.token8	ἀπέθανεν	ἀπέθανεν	no_match_in_morph_dict
urn:cts:greekLit:tlg0031.tlg001.wh:22.32.token6	Ἀβραὰμ	Ἀβραάμ	no_match_in_morph_dict
urn:cts:greekLit:tlg0031.tlg001.wh:22.32.token10	Ἰσαὰκ	Ἰσαάκ	no_match_in_morph_dict
urn:cts:greekLit:tlg0031.tlg001.wh:22.32.token14	Ἰακώβ	Ἰακώβ	no_match_in_morph_dict
urn:cts:greekLit:tlg0031.tlg001.wh:22.34.token3	Φαρισαῖοι	Φαρισαῖοι	no_match_in_morph_dict
urn:cts:greekLit:tlg0031.tlg001.wh:22.41.token4	Φαρισαίων	Φαρισαίων	no_match_in_morph_dict
urn:cts:greekLit:tlg0031.tlg001.wh:22.42.token15	Δαυείδ	Δαυείδ	no_match_in_morph_dict
urn:cts:greekLit:tlg0031.tlg001.wh:22.43.token5	Δαυεὶδ	Δαυείδ	no_match_in_morph_dict
urn:cts:greekLit:tlg0031.tlg001.wh:22.44.token7	Κάθου	Κάθου	no_match_in_morph_dict
urn:cts:greekLit:tlg0031.tlg001.wh:22.45.token3	Δαυεὶδ	Δαυείδ	no_match_in_morph_dict
urn:cts:greekLit:tlg0031.tlg001.wh:23.2.token3	Μωυσέως	Μωυσέως	no_match_in_morph_dict
urn:cts:greekLit:tlg0031.tlg001.wh:23.2.token10	Φαρισαῖοι	Φαρισαῖοι	no_match_in_morph_dict
urn:cts:greekLit:tlg0031.tlg001.wh:23.7.token12	Ῥαββεί	Ῥαββεί	no_match_in_morph_dict
urn:cts:greekLit:tlg0031.tlg001.wh:23.8.token5	Ῥαββεί	Ῥαββεί	no_match_in_morph_dict
urn:cts:greekLit:tlg0031.tlg001.wh:23.14.token7	Φαρισαῖοι	Φαρισαῖοι	no_match_in_morph_dict
urn:cts:greekLit:tlg0031.tlg001.wh:23.15.token6	Φαρισαῖοι	Φαρισαῖοι	no_match_in_morph_dict
urn:cts:greekLit:tlg0031.tlg001.wh:23.23.token6	Φαρισαῖοι	Φαρισαῖοι	no_match_in_morph_dict
urn:cts:greekLit:tlg0031.tlg001.wh:23.25.token6	Φαρισαῖοι	Φαρισαῖοι	no_match_in_morph_dict
urn:cts:greekLit:tlg0031.tlg001.wh:23.25.token19	ἔσωθεν	ἔσωθεν	no_match_in_morph_dict
urn:cts:greekLit:tlg0031.tlg001.wh:23.26.token1	Φαρισαῖε	Φαρισαῖε	no_match_in_morph_dict
urn:cts:greekLit:tlg0031.tlg001.wh:23.27.token6	Φαρισαῖοι	Φαρισαῖοι	no_match_in_morph_dict
urn:cts:greekLit:tlg0031.tlg001.wh:23.27.token19	ἔσωθεν	ἔσωθεν	no_match_in_morph_dict
urn:cts:greekLit:tlg0031.tlg001.wh:23.28.token11	ἔσωθεν	ἔσωθεν	no_match_in_morph_dict
urn:cts:greekLit:tlg0031.tlg001.wh:23.29.token6	Φαρισαῖοι	Φαρισαῖοι	no_match_in_morph_dict
urn:cts:greekLit:tlg0031.tlg001.wh:23.30.token4	ἤμεθα	ἤμεθα	no_match_in_morph_dict
urn:cts:greekLit:tlg0031.tlg001.wh:23.30.token14	ἤμεθα	ἤμεθα	no_match_in_morph_dict
urn:cts:greekLit:tlg0031.tlg001.wh:23.35.token6	αἱμα	αἱμα	no_match_in_morph_dict
urn:cts:greekLit:tlg0031.tlg001.wh:23.35.token8	ἐκχυννόμενον	ἐκχυννόμενον	no_match_in_morph_dict
urn:cts:greekLit:tlg0031.tlg001.wh:23.35.token15	Ἅβελ	Ἅβελ	no_match_in_morph_dict
urn:cts:greekLit:tlg0031.tlg001.wh:23.35.token21	Ζαχαρίου	Ζαχαρίου	no_match_in_morph_dict
urn:cts:greekLit:tlg0031.tlg001.wh:23.35.token23	Βαραχίου	Βαραχίου	no_match_in_morph_dict
urn:cts:greekLit:tlg0031.tlg001.wh:23.37.token1	Ἰερουσαλὴμ	Ἰερουσαλήμ	no_match_in_morph_dict
urn:cts:greekLit:tlg0031.tlg001.wh:23.37.token2	Ἰερουσαλήμ	Ἰερουσαλήμ	no_match_in_morph_dict
urn:cts:greekLit:tlg0031.tlg001.wh:23.37.token28	νοσσία	νοσσία	no_match_in_morph_dict
urn:cts:greekLit:tlg0031.tlg001.wh:23.39.token15	Εὐλογημένος	Εὐλογημένος	no_match_in_morph_dict
urn:cts:greekLit:tlg0031.tlg001.wh:24.1.token15	ἐπιδεῖξαι	ἐπιδεῖξαι	no_match_in_morph_dict
urn:cts:greekLit:tlg0031.tlg001.wh:24.9.token5	θλίψιν	θλίψιν	no_match_in_morph_dict
urn:cts:greekLit:tlg0031.tlg001.wh:24.13.token7	σωθήσεται	σωθήσεται	no_match_in_morph_dict
urn:cts:greekLit:tlg0031.tlg001.wh:24.15.token13	Δανιὴλ	Δανιήλ	no_match_in_morph_dict
urn:cts:greekLit:tlg0031.tlg001.wh:24.20.token11	σαββάτῳ	σαββάτῳ	no_match_in_morph_dict
urn:cts:greekLit:tlg0031.tlg001.wh:24.29.token5	θλίψιν	θλίψιν	no_match_in_morph_dict
urn:cts:greekLit:tlg0031.tlg001.wh:24.31.token32	αὺτῶν	αύτῶν	no_match_in_morph_dict
urn:cts:greekLit:tlg0031.tlg001.wh:24.35.token1	ὸ	ό	no_match_in_morph_dict
urn:cts:greekLit:tlg0031.tlg001.wh:24.37.token6	Νῶε	Νῶε	no_match_in_morph_dict
urn:cts:greekLit:tlg0031.tlg001.wh:24.38.token27	Νῶε	Νῶε	no_match_in_morph_dict
urn:cts:greekLit:tlg0031.tlg001.wh:24.43.token23	οὶκίαν	οίκίαν	no_match_in_morph_dict
urn:cts:greekLit:tlg0031.tlg001.wh:25.5.token8	ἐκάθευδον	ἐκάθευδον	no_match_in_morph_dict
urn:cts:greekLit:tlg0031.tlg001.wh:25.27.token9	τραπεζείταις	τραπεζείταις	no_match_in_morph_dict
urn:cts:greekLit:tlg0031.tlg001.wh:25.30.token10	ἐξώτερον	ἐξώτερον	no_match_in_morph_dict
urn:cts:greekLit:tlg0031.tlg001.wh:25.34.token12	εὐλογημένοι	εὐλογημένοι	no_match_in_morph_dict
urn:cts:greekLit:tlg0031.tlg001.wh:25.37.token11	εἴδαμεν	εἴδαμεν	no_match_in_morph_dict
urn:cts:greekLit:tlg0031.tlg001.wh:25.38.token4	εἴδαμεν	εἴδαμεν	no_match_in_morph_dict
urn:cts:greekLit:tlg0031.tlg001.wh:26.3.token17	Καιάφα	Καιάφα	no_match_in_morph_dict
urn:cts:greekLit:tlg0031.tlg001.wh:26.6.token6	Βηθανίᾳ	Βηθανίᾳ	no_match_in_morph_dict
urn:cts:greekLit:tlg0031.tlg001.wh:26.7.token5	ἀλάβαστρον	ἀλάβαστρον	no_match_in_morph_dict
urn:cts:greekLit:tlg0031.tlg001.wh:26.14.token9	Ἰούδας	Ἰούδας	no_match_in_morph_dict
urn:cts:greekLit:tlg0031.tlg001.wh:26.14.token10	Ἰσκαριώτης	Ἰσκαριώτης	no_match_in_morph_dict
urn:cts:greekLit:tlg0031.tlg001.wh:26.25.token3	Ἰούδας	Ἰούδας	no_match_in_morph_dict
urn:cts:greekLit:tlg0031.tlg001.wh:26.25.token12	ῥαββεί	ῥαββεί	no_match_in_morph_dict
urn:cts:greekLit:tlg0031.tlg001.wh:26.28.token21	ἐκχυννόμενον	ἐκχυννόμενον	no_match_in_morph_dict
urn:cts:greekLit:tlg0031.tlg001.wh:26.32.token10	Γαλιλαίαν	Γαλιλαίαν	no_match_in_morph_dict
urn:cts:greekLit:tlg0031.tlg001.wh:26.35.token10	ἀποθανεῖν	ἀποθανεῖν	no_match_in_morph_dict
urn:cts:greekLit:tlg0031.tlg001.wh:26.36.token10	Γεθσημανεί	Γεθσημανεί	no_match_in_morph_dict
urn:cts:greekLit:tlg0031.tlg001.wh:26.37.token9	Ζεβεδαίου	Ζεβεδαίου	no_match_in_morph_dict
urn:cts:greekLit:tlg0031.tlg001.wh:26.45.token15	ἤγγικεν	ἤγγικεν	no_match_in_morph_dict
urn:cts:greekLit:tlg0031.tlg001.wh:26.46.token5	ἤγγικεν	ἤγγικεν	no_match_in_morph_dict
urn:cts:greekLit:tlg0031.tlg001.wh:26.47.token6	Ἰούδας	Ἰούδας	no_match_in_morph_dict
urn:cts:greekLit:tlg0031.tlg001.wh:26.49.token9	ῥαββεί	ῥαββεί	no_match_in_morph_dict
urn:cts:greekLit:tlg0031.tlg001.wh:27.2.token7	Πειλάτῳ	Πειλάτῳ	no_match_in_morph_dict
urn:cts:greekLit:tlg0031.tlg001.wh:27.3.token3	Ἰούδας	Ἰούδας	no_match_in_morph_dict
urn:cts:greekLit:tlg0031.tlg001.wh:27.3.token9	μεταμεληθεὶς	μεταμεληθείς	no_match_in_morph_dict
urn:cts:greekLit:tlg0031.tlg001.wh:27.9.token6	Ἰερεμίου	Ἰερεμίου	no_match_in_morph_dict
urn:cts:greekLit:tlg0031.tlg001.wh:27.9.token25	Ἰσραήλ	Ἰσραήλ	no_match_in_morph_dict
urn:cts:greekLit:tlg0031.tlg001.wh:27.11.token3	Ἰησοὺς	Ἰησούς	no_match_in_morph_dict
urn:cts:greekLit:tlg0031.tlg001.wh:27.13.token5	Πειλᾶτος	Πειλᾶτος	no_match_in_morph_dict
urn:cts:greekLit:tlg0031.tlg001.wh:27.16.token7	Βαραββᾶν	Βαραββᾶν	no_match_in_morph_dict
urn:cts:greekLit:tlg0031.tlg001.wh:27.17.token7	Πειλᾶτος	Πειλᾶτος	no_match_in_morph_dict
urn:cts:greekLit:tlg0031.tlg001.wh:27.17.token16	Βαραββᾶν	Βαραββᾶν	no_match_in_morph_dict
urn:cts:greekLit:tlg0031.tlg001.wh:27.20.token13	Βαραββᾶν	Βαραββᾶν	no_match_in_morph_dict
urn:cts:greekLit:tlg0031.tlg001.wh:27.21.token19	Βαραββᾶν	Βαραββᾶν	no_match_in_morph_dict
urn:cts:greekLit:tlg0031.tlg001.wh:27.22.token4	Πειλᾶτος	Πειλᾶτος	no_match_in_morph_dict
urn:cts:greekLit:tlg0031.tlg001.wh:27.24.token4	Πειλᾶτος	Πειλᾶτος	no_match_in_morph_dict
urn:cts:greekLit:tlg0031.tlg001.wh:27.24.token17	κατέναντι	κατέναντι	no_match_in_morph_dict
urn:cts:greekLit:tlg0031.tlg001.wh:27.26.token5	Βαραββᾶν	Βαραββᾶν	no_match_in_morph_dict
urn:cts:greekLit:tlg0031.tlg001.wh:27.32.token5	Κυρηναῖον	Κυρηναῖον	no_match_in_morph_dict
urn:cts:greekLit:tlg0031.tlg001.wh:27.33.token6	Γολγοθά	Γολγοθά	no_match_in_morph_dict
urn:cts:greekLit:tlg0031.tlg001.wh:27.34.token13	μεμιγμένον	μεμιγμένον	no_match_in_morph_dict
urn:cts:greekLit:tlg0031.tlg001.wh:27.37.token18	Ὶουδαίων	Ίουδαίων	no_match_in_morph_dict
urn:cts:greekLit:tlg0031.tlg001.wh:27.40.token13	σῶσον	σῶσον	no_match_in_morph_dict
urn:cts:greekLit:tlg0031.tlg001.wh:27.40.token23	απὸ	από	no_match_in_morph_dict
urn:cts:greekLit:tlg0031.tlg001.wh:27.42.token7	σῶσαι	σῶσαι	no_match_in_morph_dict
urn:cts:greekLit:tlg0031.tlg001.wh:27.42.token10	Ἰσραήλ	Ἰσραήλ	no_match_in_morph_dict
urn:cts:greekLit:tlg0031.tlg001.wh:27.44.token8	συνσταυρωθέντες	συνσταυρωθέντες	no_match_in_morph_dict
urn:cts:greekLit:tlg0031.tlg001.wh:27.46.token13	Ἐλωί	Ἐλωί	no_match_in_morph_dict
urn:cts:greekLit:tlg0031.tlg001.wh:27.46.token14	ἐλωί	ἐλωί	no_match_in_morph_dict
urn:cts:greekLit:tlg0031.tlg001.wh:27.46.token15	λεμὰ	λεμά	no_match_in_morph_dict
urn:cts:greekLit:tlg0031.tlg001.wh:27.46.token16	σαβαχθανεί	σαβαχθανεί	no_match_in_morph_dict
urn:cts:greekLit:tlg0031.tlg001.wh:27.47.token9	Ἠλείαν	Ἠλείαν	no_match_in_morph_dict
urn:cts:greekLit:tlg0031.tlg001.wh:27.49.token9	Ἠλείας	Ἠλείας	no_match_in_morph_dict
urn:cts:greekLit:tlg0031.tlg001.wh:27.49.token10	σώσων	σώσων	no_match_in_morph_dict
urn:cts:greekLit:tlg0031.tlg001.wh:27.49.token13	⟦ἄλλος	⟦ἄλλος	no_match_in_morph_dict
urn:cts:greekLit:tlg0031.tlg001.wh:28.1.token3	σαββάτων	σαββάτων	no_match_in_morph_dict
urn:cts:greekLit:tlg0031.tlg001.wh:28.1.token9	σαββάτων	σαββάτων	no_match_in_morph_dict
urn:cts:greekLit:tlg0031.tlg001.wh:28.1.token12	Μαρία	Μαρία	no_match_in_morph_dict
urn:cts:greekLit:tlg0031.tlg001.wh:28.1.token14	Μαγδαληνὴ	Μαγδαληνή	no_match_in_morph_dict
urn:cts:greekLit:tlg0031.tlg001.wh:28.1.token18	Μαρία	Μαρία	no_match_in_morph_dict
urn:cts:greekLit:tlg0031.tlg001.wh:28.2.token15	ἀπεκύλισε	ἀπεκύλισε	no_match_in_morph_dict
urn:cts:greekLit:tlg0031.tlg001.wh:28.2.token19	ἐκάθητο	ἐκάθητο	no_match_in_morph_dict
urn:cts:greekLit:tlg0031.tlg001.wh:28.3.token4	εἰδέα	εἰδέα	no_match_in_morph_dict
urn:cts:greekLit:tlg0031.tlg001.wh:28.7.token20	Γαλιλαίαν	Γαλιλαίαν	no_match_in_morph_dict
urn:cts:greekLit:tlg0031.tlg001.wh:28.10.token18	Γαλιλαίαν	Γαλιλαίαν	no_match_in_morph_dict
urn:cts:greekLit:tlg0031.tlg001.wh:28.16.token8	Γαλιλαίαν	Γαλιλαίαν	no_match_in_morph_dict
