urn:cts:fuTeaching:blackwell.hq.2026:1.1.token1	ὁ	o(	ὁ	o(	urn:cite2:hmt:lsj.chicago_md:n71882	l-s---mn-
urn:cts:fuTeaching:blackwell.hq.2026:1.1.token2	Ὅμηρος	*(/omhros	Ὅμηρος	*(/omhros	urn:cite2:hmt:lsj.chicago_md:n73492	n-s---mn-
urn:cts:fuTeaching:blackwell.hq.2026:1.1.token3	τόν	to/n	ὁ	o(	urn:cite2:hmt:lsj.chicago_md:n71882	l-s---ma-
urn:cts:fuTeaching:blackwell.hq.2026:1.1.token4	ἄνθρωπον	a)/nqrwpon	ἄνθρωπος	a)/nqrwpos	urn:cite2:hmt:lsj.chicago_md:n8909	n-s---ma-
urn:cts:fuTeaching:blackwell.hq.2026:1.1.token5	παιδεύει	paideu/ei	παιδεύω	paideu/w	urn:cite2:hmt:lsj.chicago_md:n76586	v3spia---
urn:cts:fuTeaching:blackwell.hq.2026:1.2.token1	ὁ	o(	ὁ	o(	urn:cite2:hmt:lsj.chicago_md:n71882	l-s---mn-
urn:cts:fuTeaching:blackwell.hq.2026:1.2.token2	Ὁμήρου	*(omh/rou	Ὅμηρος	*(/omhros	urn:cite2:hmt:lsj.chicago_md:n73492	n-s---mg-
urn:cts:fuTeaching:blackwell.hq.2026:1.2.token3	ἀδελφός	a)delfo/s	ἀδελφός	a)delfo/s	urn:cite2:hmt:lsj.chicago_md:n1211	n-s---mn-
urn:cts:fuTeaching:blackwell.hq.2026:1.2.token4	παιδεύει	paideu/ei	παιδεύω	paideu/w	urn:cite2:hmt:lsj.chicago_md:n76586	v3spia---
urn:cts:fuTeaching:blackwell.hq.2026:1.2.token5	τόν	to/n	ὁ	o(	urn:cite2:hmt:lsj.chicago_md:n71882	l-s---ma-
urn:cts:fuTeaching:blackwell.hq.2026:1.2.token6	ἄνθρωπον	a)/nqrwpon	ἄνθρωπος	a)/nqrwpos	urn:cite2:hmt:lsj.chicago_md:n8909	n-s---ma-
urn:cts:fuTeaching:blackwell.hq.2026:1.3.token1	τόν	to/n	ὁ	o(	urn:cite2:hmt:lsj.chicago_md:n71882	l-s---ma-
urn:cts:fuTeaching:blackwell.hq.2026:1.3.token2	Ὅμηρον	*(/omhron	Ὅμηρος	*(/omhros	urn:cite2:hmt:lsj.chicago_md:n73492	n-s---ma-
urn:cts:fuTeaching:blackwell.hq.2026:1.3.token3	παιδεύει	paideu/ei	παιδεύω	paideu/w	urn:cite2:hmt:lsj.chicago_md:n76586	v3spia---
urn:cts:fuTeaching:blackwell.hq.2026:1.3.token4	ὁ	o(	ὁ	o(	urn:cite2:hmt:lsj.chicago_md:n71882	l-s---mn-
urn:cts:fuTeaching:blackwell.hq.2026:1.3.token5	ἄνθρωπος	a)/nqrwpos	ἄνθρωπος	a)/nqrwpos	urn:cite2:hmt:lsj.chicago_md:n8909	n-s---mn-
urn:cts:fuTeaching:blackwell.hq.2026:1.4.token1	Ὅμηρος	*(/omhros	Ὅμηρος	*(/omhros	urn:cite2:hmt:lsj.chicago_md:n73492	n-s---mn-
urn:cts:fuTeaching:blackwell.hq.2026:1.4.token2	τούς	tou/s	ὁ	o(	urn:cite2:hmt:lsj.chicago_md:n71882	l-p---ma-
urn:cts:fuTeaching:blackwell.hq.2026:1.4.token3	ἀνθρώπους	a)nqrw/pous	ἄνθρωπος	a)/nqrwpos	urn:cite2:hmt:lsj.chicago_md:n8909	n-p---ma-
urn:cts:fuTeaching:blackwell.hq.2026:1.4.token4	παιδεύει	paideu/ei	παιδεύω	paideu/w	urn:cite2:hmt:lsj.chicago_md:n76586	v3spia---
urn:cts:fuTeaching:blackwell.hq.2026:1.5.token1	Ὅμηρος	*(/omhros	Ὅμηρος	*(/omhros	urn:cite2:hmt:lsj.chicago_md:n73492	n-s---mn-
urn:cts:fuTeaching:blackwell.hq.2026:1.5.token2	τούς	tou/s	ὁ	o(	urn:cite2:hmt:lsj.chicago_md:n71882	l-p---ma-
urn:cts:fuTeaching:blackwell.hq.2026:1.5.token3	ἀνθρώπους	a)nqrw/pous	ἄνθρωπος	a)/nqrwpos	urn:cite2:hmt:lsj.chicago_md:n8909	n-p---ma-
urn:cts:fuTeaching:blackwell.hq.2026:1.5.token4	ἐν	e)n	ἐν	e)n	urn:cite2:hmt:lsj.chicago_md:n34700	r--------
urn:cts:fuTeaching:blackwell.hq.2026:1.5.token5	τῇ	th=|	ὁ	o(	urn:cite2:hmt:lsj.chicago_md:n71882	l-s---fd-
urn:cts:fuTeaching:blackwell.hq.2026:1.5.token6	ἀγορᾷ	a)gora=|	ἀγορά	a)gora/	urn:cite2:hmt:lsj.chicago_md:n761	n-s---fd-
urn:cts:fuTeaching:blackwell.hq.2026:1.5.token7	παιδεύει	paideu/ei	παιδεύω	paideu/w	urn:cite2:hmt:lsj.chicago_md:n76586	v3spia---
urn:cts:fuTeaching:blackwell.hq.2026:1.6.token1	ὁ	o(	ὁ	o(	urn:cite2:hmt:lsj.chicago_md:n71882	l-s---mn-
urn:cts:fuTeaching:blackwell.hq.2026:1.6.token10	τῇ	th=|	ὁ	o(	urn:cite2:hmt:lsj.chicago_md:n71882	l-s---fd-
urn:cts:fuTeaching:blackwell.hq.2026:1.6.token11	ἀγορᾷ	a)gora=|	ἀγορά	a)gora/	urn:cite2:hmt:lsj.chicago_md:n761	n-s---fd-
urn:cts:fuTeaching:blackwell.hq.2026:1.6.token2	ἀδελφός	a)delfo/s	ἀδελφός	a)delfo/s	urn:cite2:hmt:lsj.chicago_md:n1211	n-s---mn-
urn:cts:fuTeaching:blackwell.hq.2026:1.6.token3	τοῦ	tou=	ὁ	o(	urn:cite2:hmt:lsj.chicago_md:n71882	l-s---mg-
urn:cts:fuTeaching:blackwell.hq.2026:1.6.token4	Ὁμήρου	*(omh/rou	Ὅμηρος	*(/omhros	urn:cite2:hmt:lsj.chicago_md:n73492	n-s---mg-
urn:cts:fuTeaching:blackwell.hq.2026:1.6.token5	παιδεύει	paideu/ei	παιδεύω	paideu/w	urn:cite2:hmt:lsj.chicago_md:n76586	v3spia---
urn:cts:fuTeaching:blackwell.hq.2026:1.6.token6	τούς	tou/s	ὁ	o(	urn:cite2:hmt:lsj.chicago_md:n71882	l-p---ma-
urn:cts:fuTeaching:blackwell.hq.2026:1.6.token7	ἀνθρώπους	a)nqrw/pous	ἄνθρωπος	a)/nqrwpos	urn:cite2:hmt:lsj.chicago_md:n8909	n-p---ma-
urn:cts:fuTeaching:blackwell.hq.2026:1.6.token8	τούς	tou/s	ὁ	o(	urn:cite2:hmt:lsj.chicago_md:n71882	l-p---ma-
urn:cts:fuTeaching:blackwell.hq.2026:1.6.token9	ἐν	e)n	ἐν	e)n	urn:cite2:hmt:lsj.chicago_md:n34700	r--------
urn:cts:fuTeaching:blackwell.hq.2026:1.7.token1	ἐν	e)n	ἐν	e)n	urn:cite2:hmt:lsj.chicago_md:n34700	r--------
urn:cts:fuTeaching:blackwell.hq.2026:1.7.token10	τοῖς	toi=s	ὁ	o(	urn:cite2:hmt:lsj.chicago_md:n71882	l-p---nd-
urn:cts:fuTeaching:blackwell.hq.2026:1.7.token11	βιβλίοις	bibli/ois	βιβλίον	bibli/on	urn:cite2:hmt:lsj.chicago_md:n19916	n-p---nd-
urn:cts:fuTeaching:blackwell.hq.2026:1.7.token12	παιδεύει	paideu/ei	παιδεύω	paideu/w	urn:cite2:hmt:lsj.chicago_md:n76586	v3spia---
urn:cts:fuTeaching:blackwell.hq.2026:1.7.token2	ταῖς	tai=s	ὁ	o(	urn:cite2:hmt:lsj.chicago_md:n71882	l-p---fd-
urn:cts:fuTeaching:blackwell.hq.2026:1.7.token3	ἀγοραῖς	a)gorai=s	ἀγορά	a)gora/	urn:cite2:hmt:lsj.chicago_md:n761	n-p---fd-
urn:cts:fuTeaching:blackwell.hq.2026:1.7.token4	τάς	ta/s	ὁ	o(	urn:cite2:hmt:lsj.chicago_md:n71882	l-p---fa-
urn:cts:fuTeaching:blackwell.hq.2026:1.7.token5	τῶν	tw=n	ὁ	o(	urn:cite2:hmt:lsj.chicago_md:n71882	l-p---mg-
urn:cts:fuTeaching:blackwell.hq.2026:1.7.token6	ἀνθρώπων	a)nqrw/pwn	ἄνθρωπος	a)/nqrwpos	urn:cite2:hmt:lsj.chicago_md:n8909	n-p---mg-
urn:cts:fuTeaching:blackwell.hq.2026:1.7.token7	ψυχάς	yuxa/s	ψυχή	yuxh/	urn:cite2:hmt:lsj.chicago_md:n115887	n-p---fa-
urn:cts:fuTeaching:blackwell.hq.2026:1.7.token8	ὁ	o(	ὁ	o(	urn:cite2:hmt:lsj.chicago_md:n71882	l-s---mn-
urn:cts:fuTeaching:blackwell.hq.2026:1.7.token9	Ὅμηρος	*(/omhros	Ὅμηρος	*(/omhros	urn:cite2:hmt:lsj.chicago_md:n73492	n-s---mn-
urn:cts:fuTeaching:blackwell.hq.2026:4.1.token1	ἐάν	e)a/n	ἐάν	e)a/n	urn:cite2:hmt:lsj.chicago_md:n29859	c--------
urn:cts:fuTeaching:blackwell.hq.2026:4.1.token10	γράψει	gra/yei	γράφω	gra/fw	urn:cite2:hmt:lsj.chicago_md:n22825	v3sfia---
urn:cts:fuTeaching:blackwell.hq.2026:4.1.token11	καλόν	kalo/n	καλός	kalo/s	urn:cite2:hmt:lsj.chicago_md:n52840	a-s---na-
urn:cts:fuTeaching:blackwell.hq.2026:4.1.token12	βιβλίον	bibli/on	βιβλίον	bibli/on	urn:cite2:hmt:lsj.chicago_md:n19916	n-s---na-
urn:cts:fuTeaching:blackwell.hq.2026:4.1.token13	περί	peri/	περί	peri/	urn:cite2:hmt:lsj.chicago_md:n81017	r--------
urn:cts:fuTeaching:blackwell.hq.2026:4.1.token14	τῶν	tw=n	ὁ	o(	urn:cite2:hmt:lsj.chicago_md:n71882	l-p---fg-
urn:cts:fuTeaching:blackwell.hq.2026:4.1.token15	ἐν	e)n	ἐν	e)n	urn:cite2:hmt:lsj.chicago_md:n34700	r--------
urn:cts:fuTeaching:blackwell.hq.2026:4.1.token16	ἀγορᾷ	a)gora=|	ἀγορά	a)gora/	urn:cite2:hmt:lsj.chicago_md:n761	n-s---fd-
urn:cts:fuTeaching:blackwell.hq.2026:4.1.token17	θυσιῶν	qusiw=n	θυσία	qusi/a	urn:cite2:hmt:lsj.chicago_md:n49561	n-p---fg-
urn:cts:fuTeaching:blackwell.hq.2026:4.1.token2	αἱ	ai(	ὁ	o(	urn:cite2:hmt:lsj.chicago_md:n71882	l-p---fn-
urn:cts:fuTeaching:blackwell.hq.2026:4.1.token3	μοῦσαι	mou=sai	μοῦσα	mou=sa	urn:cite2:hmt:lsj.chicago_md:n68876	n-p---fn-
urn:cts:fuTeaching:blackwell.hq.2026:4.1.token4	τόν	to/n	ὁ	o(	urn:cite2:hmt:lsj.chicago_md:n71882	l-s---ma-
urn:cts:fuTeaching:blackwell.hq.2026:4.1.token5	ἀγαθόν	a)gaqo/n	ἀγαθός	a)gaqo/s	urn:cite2:hmt:lsj.chicago_md:n260	a-s---ma-
urn:cts:fuTeaching:blackwell.hq.2026:4.1.token6	ποιητήν	poihth/n	ποιητής	poihth/s	urn:cite2:hmt:lsj.chicago_md:n84248	n-s---ma-
urn:cts:fuTeaching:blackwell.hq.2026:4.1.token7	εὖ	eu)=	εὖ	eu)=	urn:cite2:hmt:lsj.chicago_md:n43309	d--------
urn:cts:fuTeaching:blackwell.hq.2026:4.1.token8	διδάξωσιν	dida/cwsin	διδάσκω	dida/skw	urn:cite2:hmt:lsj.chicago_md:n26412	v3pasa---
urn:cts:fuTeaching:blackwell.hq.2026:4.2.token1	ἡ	h(	ὁ	o(	urn:cite2:hmt:lsj.chicago_md:n71882	l-s---fn-
urn:cts:fuTeaching:blackwell.hq.2026:4.2.token10	νίκη	ni/kh	νίκη	ni/kh	urn:cite2:hmt:lsj.chicago_md:n70840	n-s---fn-
urn:cts:fuTeaching:blackwell.hq.2026:4.2.token2	μέν	me/n	μέν	me/n	urn:cite2:hmt:lsj.chicago_md:n66260	g--------
urn:cts:fuTeaching:blackwell.hq.2026:4.2.token3	μάχη	ma/xh	μάχη	ma/xh	urn:cite2:hmt:lsj.chicago_md:n65295	n-s---fn-
urn:cts:fuTeaching:blackwell.hq.2026:4.2.token4	στρατιώταις	stratiw/tais	στρατιώτης	stratiw/ths	urn:cite2:hmt:lsj.chicago_md:n97132	n-p---md-
urn:cts:fuTeaching:blackwell.hq.2026:4.2.token5	κακή	kakh/	κακός	kako/s	urn:cite2:hmt:lsj.chicago_md:n52332	a-s---fn-
urn:cts:fuTeaching:blackwell.hq.2026:4.2.token7	ἀγαθή	a)gaqh/	ἀγαθός	a)gaqo/s	urn:cite2:hmt:lsj.chicago_md:n260	a-s---fn-
urn:cts:fuTeaching:blackwell.hq.2026:4.2.token8	δέ	de/	δέ	de/	urn:cite2:hmt:lsj.chicago_md:n23596	g--------
urn:cts:fuTeaching:blackwell.hq.2026:4.2.token9	ἡ	h(	ὁ	o(	urn:cite2:hmt:lsj.chicago_md:n71882	l-s---fn-
