form	token_urn	expanded_form	presentation_form
Βούλεσθ’	urn:cts:greekLit:tlg0006.tlg018.fu.sp:1197.1.text.token.1		Βούλεσθ’
Θρονιάδ’	urn:cts:greekLit:tlg0006.tlg018.fu.sp:264.1.text.token.1		Θρονιάδ’
Λακεδαίμον’	urn:cts:greekLit:tlg0006.tlg018.fu.sp:73.1.text.token.1		Λακεδαίμον’
Μενέλα’	urn:cts:greekLit:tlg0006.tlg018.fu.sp:506.1.text.token.4		Μενέλα’
Παλλάδ’	urn:cts:greekLit:tlg0006.tlg018.fu.sp:250.1.text.token.1		Παλλάδ’
αἰδοίμεθ’	urn:cts:greekLit:tlg0006.tlg018.fu.sp:833.1.text.token.8		αἰδοίμεθ’
αἰνῶσ’	urn:cts:greekLit:tlg0006.tlg018.fu.sp:980.1.text.token.6		αἰνῶσ’
αἴσχυν’	urn:cts:greekLit:tlg0006.tlg018.fu.sp:1031.1.text.token.1		αἴσχυν’
αὐτίχ’	urn:cts:greekLit:tlg0006.tlg018.fu.sp:1105.1.text.token.3		αὐτίχ’
αὔξουσ’	urn:cts:greekLit:tlg0006.tlg018.fu.sp:1160.1.text.token.2		αὔξουσ’
βουλόμεν’	urn:cts:greekLit:tlg0006.tlg018.fu.sp:33.1.text.token.4		βουλόμεν’
βούλομ’	urn:cts:greekLit:tlg0006.tlg018.fu.sp:407.1.text.token.3		βούλομ’
βούσταθμ’	urn:cts:greekLit:tlg0006.tlg018.fu.sp:76.1.text.token.4		βούσταθμ’
γενναῖ’	urn:cts:greekLit:tlg0006.tlg018.fu.sp:504.1.text.token.1		γενναῖ’
γενοίμεθ’	urn:cts:greekLit:tlg0006.tlg018.fu.sp:1621.1.text.token.6		γενοίμεθ’
γλῶσσ’	urn:cts:greekLit:tlg0006.tlg018.fu.sp:333.1.text.token.5		γλῶσσ’
γυναῖκ’	urn:cts:greekLit:tlg0006.tlg018.fu.sp:1163.1.text.token.7		γυναῖκ’
γέγηθ’	urn:cts:greekLit:tlg0006.tlg018.fu.sp:649.1.text.token.6		γέγηθ’
γένοιτ’	urn:cts:greekLit:tlg0006.tlg018.fu.sp:988.1.text.token.2		γένοιτ’
γ’	urn:cts:greekLit:tlg0006.tlg018.fu.sp:9.1.text.token.3	γε	γε
γ’	urn:cts:greekLit:tlg0006.tlg018.fu.sp:20.1.text.token.5	γε	γε
γ’	urn:cts:greekLit:tlg0006.tlg018.fu.sp:21.1.text.token.3	γε	γε
γ’	urn:cts:greekLit:tlg0006.tlg018.fu.sp:133.1.text.token.2	γε	γε
γ’	urn:cts:greekLit:tlg0006.tlg018.fu.sp:326.1.text.token.4	γε	γε
γ’	urn:cts:greekLit:tlg0006.tlg018.fu.sp:334.1.text.token.3	γε	γε
γ’	urn:cts:greekLit:tlg0006.tlg018.fu.sp:392.1.text.token.6	γε	γε
γ’	urn:cts:greekLit:tlg0006.tlg018.fu.sp:515.1.text.token.7	γε	γε
γ’	urn:cts:greekLit:tlg0006.tlg018.fu.sp:521.1.text.token.3	γε	γε
γ’	urn:cts:greekLit:tlg0006.tlg018.fu.sp:596.1.text.token.2	γε	γε
γ’	urn:cts:greekLit:tlg0006.tlg018.fu.sp:654.1.text.token.7	γε	γε
γ’	urn:cts:greekLit:tlg0006.tlg018.fu.sp:674.1.text.token.6	γε	γε
γ’	urn:cts:greekLit:tlg0006.tlg018.fu.sp:710.2.text.token.2	γε	γε
γ’	urn:cts:greekLit:tlg0006.tlg018.fu.sp:737.1.text.token.3	γε	γε
γ’	urn:cts:greekLit:tlg0006.tlg018.fu.sp:817.1.text.token.2	γε	γε
γ’	urn:cts:greekLit:tlg0006.tlg018.fu.sp:1005.1.text.token.3	γε	γε
γ’	urn:cts:greekLit:tlg0006.tlg018.fu.sp:1132.2.text.token.2	γε	γε
γ’	urn:cts:greekLit:tlg0006.tlg018.fu.sp:1134.1.text.token.5	γε	γε
γ’	urn:cts:greekLit:tlg0006.tlg018.fu.sp:1187.1.text.token.5	γε	γε
γ’	urn:cts:greekLit:tlg0006.tlg018.fu.sp:1241.1.text.token.6	γε	γε
γ’	urn:cts:greekLit:tlg0006.tlg018.fu.sp:1356.2.text.token.3	γε	γε
γ’	urn:cts:greekLit:tlg0006.tlg018.fu.sp:1361.1.text.token.4	γε	γε
γ’	urn:cts:greekLit:tlg0006.tlg018.fu.sp:1362.1.text.token.2	γε	γε
γ’	urn:cts:greekLit:tlg0006.tlg018.fu.sp:1364.2.text.token.2	γε	γε
γ’	urn:cts:greekLit:tlg0006.tlg018.fu.sp:1368.1.text.token.5	γε	γε
γ’	urn:cts:greekLit:tlg0006.tlg018.fu.sp:1376.1.text.token.5	γε	γε
γ’	urn:cts:greekLit:tlg0006.tlg018.fu.sp:1394.1.text.token.2	γε	γε
γ’	urn:cts:greekLit:tlg0006.tlg018.fu.sp:1446.1.text.token.3	γε	γε
γ’	urn:cts:greekLit:tlg0006.tlg018.fu.sp:1459.2.text.token.3	γε	γε
γ’	urn:cts:greekLit:tlg0006.tlg018.fu.sp:1464.2.text.token.3	γε	γε
γ’	urn:cts:greekLit:tlg0006.tlg018.fu.sp:1465.2.text.token.3	γε	γε
δεξώμεθ’	urn:cts:greekLit:tlg0006.tlg018.fu.sp:599.1.text.token.3		δεξώμεθ’
δείν’	urn:cts:greekLit:tlg0006.tlg018.fu.sp:303.1.text.token.4		δείν’
δείν’	urn:cts:greekLit:tlg0006.tlg018.fu.sp:1346.1.text.token.1		δείν’
δεῦρ’	urn:cts:greekLit:tlg0006.tlg018.fu.sp:362.1.text.token.1	δεῦρο	δεῦρο
δεῦρ’	urn:cts:greekLit:tlg0006.tlg018.fu.sp:1339.1.text.token.13	δεῦρο	δεῦρο
διαλυθεῖσ’	urn:cts:greekLit:tlg0006.tlg018.fu.sp:495.1.text.token.3		διαλυθεῖσ’
διολέσαντ’	urn:cts:greekLit:tlg0006.tlg018.fu.sp:659.1.text.token.6		διολέσαντ’
δι’	urn:cts:greekLit:tlg0006.tlg018.fu.sp:59.1.text.token.4	διά	διά
δι’	urn:cts:greekLit:tlg0006.tlg018.fu.sp:185.1.text.token.4	διά	διά
δι’	urn:cts:greekLit:tlg0006.tlg018.fu.sp:941.1.text.token.2	διά	διά
δι’	urn:cts:greekLit:tlg0006.tlg018.fu.sp:948.1.text.token.3	διά	διά
δι’	urn:cts:greekLit:tlg0006.tlg018.fu.sp:994.1.text.token.3	διά	διά
δι’	urn:cts:greekLit:tlg0006.tlg018.fu.sp:1030.1.text.token.2	διά	διά
δι’	urn:cts:greekLit:tlg0006.tlg018.fu.sp:1353.2.text.token.1	διά	διά
δι’	urn:cts:greekLit:tlg0006.tlg018.fu.sp:1419.1.text.token.3	διά	διά
δι’	urn:cts:greekLit:tlg0006.tlg018.fu.sp:1496.1.text.token.2	διά	διά
δοῦσ’	urn:cts:greekLit:tlg0006.tlg018.fu.sp:1221.1.text.token.6		δοῦσ’
δράκοντ’	urn:cts:greekLit:tlg0006.tlg018.fu.sp:257.1.text.token.2		δράκοντ’
δράσεθ’	urn:cts:greekLit:tlg0006.tlg018.fu.sp:728.1.text.token.4		δράσεθ’
δυναίμεθ’	urn:cts:greekLit:tlg0006.tlg018.fu.sp:1215.1.text.token.6		δυναίμεθ’
δυστάλαιν’	urn:cts:greekLit:tlg0006.tlg018.fu.sp:1315.1.text.token.2		δυστάλαιν’
δωρήματ’	urn:cts:greekLit:tlg0006.tlg018.fu.sp:1074.1.text.token.2		δωρήματ’
δάκρυ’	urn:cts:greekLit:tlg0006.tlg018.fu.sp:650.1.text.token.3		δάκρυ’
δάμαρτ’	urn:cts:greekLit:tlg0006.tlg018.fu.sp:104.1.text.token.6		δάμαρτ’
δάμαρτ’	urn:cts:greekLit:tlg0006.tlg018.fu.sp:743.1.text.token.3		δάμαρτ’
δάϊ’	urn:cts:greekLit:tlg0006.tlg018.fu.sp:1495.1.text.token.5		δάϊ’
δέσποτ’	urn:cts:greekLit:tlg0006.tlg018.fu.sp:314.1.text.token.2		δέσποτ’
δίδυμ’	urn:cts:greekLit:tlg0006.tlg018.fu.sp:548.1.text.token.1		δίδυμ’
δίδωμ’	urn:cts:greekLit:tlg0006.tlg018.fu.sp:1555.1.text.token.2		δίδωμ’
δίδωσ’	urn:cts:greekLit:tlg0006.tlg018.fu.sp:68.1.text.token.1		δίδωσ’
δίδωσ’	urn:cts:greekLit:tlg0006.tlg018.fu.sp:703.1.text.token.4		δίδωσ’
δόξ’	urn:cts:greekLit:tlg0006.tlg018.fu.sp:1399.1.text.token.10		δόξ’
δύ’	urn:cts:greekLit:tlg0006.tlg018.fu.sp:192.1.text.token.3	δύο	δύο
δύ’	urn:cts:greekLit:tlg0006.tlg018.fu.sp:887.1.text.token.3	δύο	δύο
δώδεκ’	urn:cts:greekLit:tlg0006.tlg018.fu.sp:293.1.text.token.1	δώδεκα	δώδεκα
δώμαθ’	urn:cts:greekLit:tlg0006.tlg018.fu.sp:881.1.text.token.3		δώμαθ’
δώματ’	urn:cts:greekLit:tlg0006.tlg018.fu.sp:670.1.text.token.6		δώματ’
δώσουσ’	urn:cts:greekLit:tlg0006.tlg018.fu.sp:459.1.text.token.1		δώσουσ’
δώσουσ’	urn:cts:greekLit:tlg0006.tlg018.fu.sp:1473.1.text.token.2		δώσουσ’
δῆτ’	urn:cts:greekLit:tlg0006.tlg018.fu.sp:843.1.text.token.2	δῆτα	δῆτα
δῆτ’	urn:cts:greekLit:tlg0006.tlg018.fu.sp:867.1.text.token.2	δῆτα	δῆτα
δ’	urn:cts:greekLit:tlg0006.tlg018.fu.sp:53.1.text.token.2	δέ	δέ
δ’	urn:cts:greekLit:tlg0006.tlg018.fu.sp:55.1.text.token.3	δέ	δέ
δ’	urn:cts:greekLit:tlg0006.tlg018.fu.sp:66.1.text.token.2	δέ	δέ
δ’	urn:cts:greekLit:tlg0006.tlg018.fu.sp:70.1.text.token.2	δέ	δέ
δ’	urn:cts:greekLit:tlg0006.tlg018.fu.sp:71.1.text.token.4	δέ	δέ
δ’	urn:cts:greekLit:tlg0006.tlg018.fu.sp:89.1.text.token.2	δέ	δέ
δ’	urn:cts:greekLit:tlg0006.tlg018.fu.sp:93.1.text.token.6	δέ	δέ
δ’	urn:cts:greekLit:tlg0006.tlg018.fu.sp:94.1.text.token.2	δέ	δέ
δ’	urn:cts:greekLit:tlg0006.tlg018.fu.sp:106.1.text.token.3	δέ	δέ
δ’	urn:cts:greekLit:tlg0006.tlg018.fu.sp:107.1.text.token.8	δέ	δέ
δ’	urn:cts:greekLit:tlg0006.tlg018.fu.sp:10.1.text.token.5	δέ	δέ
δ’	urn:cts:greekLit:tlg0006.tlg018.fu.sp:14.1.text.token.2	δέ	δέ
δ’	urn:cts:greekLit:tlg0006.tlg018.fu.sp:17.1.text.token.2	δέ	δέ
δ’	urn:cts:greekLit:tlg0006.tlg018.fu.sp:19.1.text.token.2	δέ	δέ
δ’	urn:cts:greekLit:tlg0006.tlg018.fu.sp:25.1.text.token.5	δέ	δέ
δ’	urn:cts:greekLit:tlg0006.tlg018.fu.sp:45.1.text.token.3	δέ	δέ
δ’	urn:cts:greekLit:tlg0006.tlg018.fu.sp:137.1.text.token.4	δέ	δέ
δ’	urn:cts:greekLit:tlg0006.tlg018.fu.sp:149.2.text.token.2	δέ	δέ
δ’	urn:cts:greekLit:tlg0006.tlg018.fu.sp:161.1.text.token.2	δέ	δέ
δ’	urn:cts:greekLit:tlg0006.tlg018.fu.sp:213.1.text.token.2	δέ	δέ
δ’	urn:cts:greekLit:tlg0006.tlg018.fu.sp:223.1.text.token.2	δέ	δέ
δ’	urn:cts:greekLit:tlg0006.tlg018.fu.sp:225.1.text.token.4	δέ	δέ
δ’	urn:cts:greekLit:tlg0006.tlg018.fu.sp:231.1.text.token.3	δέ	δέ
δ’	urn:cts:greekLit:tlg0006.tlg018.fu.sp:239.1.text.token.2	δέ	δέ
δ’	urn:cts:greekLit:tlg0006.tlg018.fu.sp:247.1.text.token.4	δέ	δέ
δ’	urn:cts:greekLit:tlg0006.tlg018.fu.sp:253.1.text.token.2	δέ	δέ
δ’	urn:cts:greekLit:tlg0006.tlg018.fu.sp:259.1.text.token.2	δέ	δέ
δ’	urn:cts:greekLit:tlg0006.tlg018.fu.sp:261.1.text.token.2	δέ	δέ
δ’	urn:cts:greekLit:tlg0006.tlg018.fu.sp:268.1.text.token.2	δέ	δέ
δ’	urn:cts:greekLit:tlg0006.tlg018.fu.sp:279.1.text.token.5	δέ	δέ
δ’	urn:cts:greekLit:tlg0006.tlg018.fu.sp:282.1.text.token.2	δέ	δέ
δ’	urn:cts:greekLit:tlg0006.tlg018.fu.sp:283.1.text.token.2	δέ	δέ
δ’	urn:cts:greekLit:tlg0006.tlg018.fu.sp:288.1.text.token.3	δέ	δέ
δ’	urn:cts:greekLit:tlg0006.tlg018.fu.sp:314.1.text.token.7	δέ	δέ
δ’	urn:cts:greekLit:tlg0006.tlg018.fu.sp:332.1.text.token.14	δέ	δέ
δ’	urn:cts:greekLit:tlg0006.tlg018.fu.sp:345.1.text.token.8	δέ	δέ
δ’	urn:cts:greekLit:tlg0006.tlg018.fu.sp:350.1.text.token.2	δέ	δέ
δ’	urn:cts:greekLit:tlg0006.tlg018.fu.sp:352.1.text.token.6	δέ	δέ
δ’	urn:cts:greekLit:tlg0006.tlg018.fu.sp:367.1.text.token.5	δέ	δέ
δ’	urn:cts:greekLit:tlg0006.tlg018.fu.sp:368.1.text.token.9	δέ	δέ
δ’	urn:cts:greekLit:tlg0006.tlg018.fu.sp:388.1.text.token.2	δέ	δέ
δ’	urn:cts:greekLit:tlg0006.tlg018.fu.sp:394.1.text.token.6	δέ	δέ
δ’	urn:cts:greekLit:tlg0006.tlg018.fu.sp:396.1.text.token.2	δέ	δέ
δ’	urn:cts:greekLit:tlg0006.tlg018.fu.sp:403.1.text.token.4	δέ	δέ
δ’	urn:cts:greekLit:tlg0006.tlg018.fu.sp:413.1.text.token.2	δέ	δέ
δ’	urn:cts:greekLit:tlg0006.tlg018.fu.sp:417.1.text.token.2	δέ	δέ
δ’	urn:cts:greekLit:tlg0006.tlg018.fu.sp:427.1.text.token.2	δέ	δέ
δ’	urn:cts:greekLit:tlg0006.tlg018.fu.sp:428.1.text.token.7	δέ	δέ
δ’	urn:cts:greekLit:tlg0006.tlg018.fu.sp:430.1.text.token.2	δέ	δέ
δ’	urn:cts:greekLit:tlg0006.tlg018.fu.sp:432.1.text.token.5	δέ	δέ
δ’	urn:cts:greekLit:tlg0006.tlg018.fu.sp:441.1.text.token.2	δέ	δέ
δ’	urn:cts:greekLit:tlg0006.tlg018.fu.sp:446.1.text.token.3	δέ	δέ
δ’	urn:cts:greekLit:tlg0006.tlg018.fu.sp:452.1.text.token.4	δέ	δέ
δ’	urn:cts:greekLit:tlg0006.tlg018.fu.sp:457.1.text.token.5	δέ	δέ
δ’	urn:cts:greekLit:tlg0006.tlg018.fu.sp:460.1.text.token.2	δέ	δέ
δ’	urn:cts:greekLit:tlg0006.tlg018.fu.sp:465.1.text.token.2	δέ	δέ
δ’	urn:cts:greekLit:tlg0006.tlg018.fu.sp:472.1.text.token.9	δέ	δέ
δ’	urn:cts:greekLit:tlg0006.tlg018.fu.sp:480.1.text.token.7	δέ	δέ
δ’	urn:cts:greekLit:tlg0006.tlg018.fu.sp:483.1.text.token.6	δέ	δέ
δ’	urn:cts:greekLit:tlg0006.tlg018.fu.sp:484.1.text.token.7	δέ	δέ
δ’	urn:cts:greekLit:tlg0006.tlg018.fu.sp:494.1.text.token.4	δέ	δέ
δ’	urn:cts:greekLit:tlg0006.tlg018.fu.sp:496.1.text.token.2	δέ	δέ
δ’	urn:cts:greekLit:tlg0006.tlg018.fu.sp:508.1.text.token.2	δέ	δέ
δ’	urn:cts:greekLit:tlg0006.tlg018.fu.sp:513.1.text.token.4	δέ	δέ
δ’	urn:cts:greekLit:tlg0006.tlg018.fu.sp:519.1.text.token.9	δέ	δέ
δ’	urn:cts:greekLit:tlg0006.tlg018.fu.sp:522.1.text.token.2	δέ	δέ
δ’	urn:cts:greekLit:tlg0006.tlg018.fu.sp:551.1.text.token.2	δέ	δέ
δ’	urn:cts:greekLit:tlg0006.tlg018.fu.sp:555.1.text.token.4	δέ	δέ
δ’	urn:cts:greekLit:tlg0006.tlg018.fu.sp:557.1.text.token.2	δέ	δέ
δ’	urn:cts:greekLit:tlg0006.tlg018.fu.sp:559.1.text.token.6	δέ	δέ
δ’	urn:cts:greekLit:tlg0006.tlg018.fu.sp:570.1.text.token.5	δέ	δέ
δ’	urn:cts:greekLit:tlg0006.tlg018.fu.sp:585.1.text.token.6	δέ	δέ
δ’	urn:cts:greekLit:tlg0006.tlg018.fu.sp:609.1.text.token.2	δέ	δέ
δ’	urn:cts:greekLit:tlg0006.tlg018.fu.sp:613.1.text.token.2	δέ	δέ
δ’	urn:cts:greekLit:tlg0006.tlg018.fu.sp:619.1.text.token.2	δέ	δέ
δ’	urn:cts:greekLit:tlg0006.tlg018.fu.sp:638.1.text.token.9	δέ	δέ
δ’	urn:cts:greekLit:tlg0006.tlg018.fu.sp:655.1.text.token.9	δέ	δέ
δ’	urn:cts:greekLit:tlg0006.tlg018.fu.sp:657.1.text.token.6	δέ	δέ
δ’	urn:cts:greekLit:tlg0006.tlg018.fu.sp:696.1.text.token.2	δέ	δέ
δ’	urn:cts:greekLit:tlg0006.tlg018.fu.sp:699.1.text.token.4	δέ	δέ
δ’	urn:cts:greekLit:tlg0006.tlg018.fu.sp:700.1.text.token.2	δέ	δέ
δ’	urn:cts:greekLit:tlg0006.tlg018.fu.sp:701.1.text.token.5	δέ	δέ
δ’	urn:cts:greekLit:tlg0006.tlg018.fu.sp:708.1.text.token.2	δέ	δέ
δ’	urn:cts:greekLit:tlg0006.tlg018.fu.sp:712.1.text.token.5	δέ	δέ
δ’	urn:cts:greekLit:tlg0006.tlg018.fu.sp:716.1.text.token.5	δέ	δέ
δ’	urn:cts:greekLit:tlg0006.tlg018.fu.sp:718.1.text.token.2	δέ	δέ
δ’	urn:cts:greekLit:tlg0006.tlg018.fu.sp:724.1.text.token.6	δέ	δέ
δ’	urn:cts:greekLit:tlg0006.tlg018.fu.sp:732.1.text.token.5	δέ	δέ
δ’	urn:cts:greekLit:tlg0006.tlg018.fu.sp:740.1.text.token.8	δέ	δέ
δ’	urn:cts:greekLit:tlg0006.tlg018.fu.sp:742.1.text.token.7	δέ	δέ
δ’	urn:cts:greekLit:tlg0006.tlg018.fu.sp:747.1.text.token.8	δέ	δέ
δ’	urn:cts:greekLit:tlg0006.tlg018.fu.sp:749.1.text.token.2	δέ	δέ
δ’	urn:cts:greekLit:tlg0006.tlg018.fu.sp:762.1.text.token.2	δέ	δέ
δ’	urn:cts:greekLit:tlg0006.tlg018.fu.sp:807.1.text.token.6	δέ	δέ
δ’	urn:cts:greekLit:tlg0006.tlg018.fu.sp:811.1.text.token.2	δέ	δέ
δ’	urn:cts:greekLit:tlg0006.tlg018.fu.sp:814.1.text.token.5	δέ	δέ
δ’	urn:cts:greekLit:tlg0006.tlg018.fu.sp:824.1.text.token.4	δέ	δέ
δ’	urn:cts:greekLit:tlg0006.tlg018.fu.sp:825.1.text.token.2	δέ	δέ
δ’	urn:cts:greekLit:tlg0006.tlg018.fu.sp:825.1.text.token.6	δέ	δέ
δ’	urn:cts:greekLit:tlg0006.tlg018.fu.sp:863.1.text.token.7	δέ	δέ
δ’	urn:cts:greekLit:tlg0006.tlg018.fu.sp:865.1.text.token.12	δέ	δέ
δ’	urn:cts:greekLit:tlg0006.tlg018.fu.sp:871.1.text.token.11	δέ	δέ
δ’	urn:cts:greekLit:tlg0006.tlg018.fu.sp:877.1.text.token.11	δέ	δέ
δ’	urn:cts:greekLit:tlg0006.tlg018.fu.sp:880.1.text.token.7	δέ	δέ
δ’	urn:cts:greekLit:tlg0006.tlg018.fu.sp:887.1.text.token.7	δέ	δέ
δ’	urn:cts:greekLit:tlg0006.tlg018.fu.sp:897.1.text.token.7	δέ	δέ
δ’	urn:cts:greekLit:tlg0006.tlg018.fu.sp:906.1.text.token.2	δέ	δέ
δ’	urn:cts:greekLit:tlg0006.tlg018.fu.sp:906.1.text.token.8	δέ	δέ
δ’	urn:cts:greekLit:tlg0006.tlg018.fu.sp:912.1.text.token.8	δέ	δέ
δ’	urn:cts:greekLit:tlg0006.tlg018.fu.sp:913.1.text.token.6	δέ	δέ
δ’	urn:cts:greekLit:tlg0006.tlg018.fu.sp:915.1.text.token.2	δέ	δέ
δ’	urn:cts:greekLit:tlg0006.tlg018.fu.sp:926.1.text.token.2	δέ	δέ
δ’	urn:cts:greekLit:tlg0006.tlg018.fu.sp:932.1.text.token.2	δέ	δέ
δ’	urn:cts:greekLit:tlg0006.tlg018.fu.sp:939.1.text.token.7	δέ	δέ
δ’	urn:cts:greekLit:tlg0006.tlg018.fu.sp:940.1.text.token.5	δέ	δέ
δ’	urn:cts:greekLit:tlg0006.tlg018.fu.sp:943.1.text.token.2	δέ	δέ
δ’	urn:cts:greekLit:tlg0006.tlg018.fu.sp:945.1.text.token.6	δέ	δέ
δ’	urn:cts:greekLit:tlg0006.tlg018.fu.sp:962.1.text.token.2	δέ	δέ
δ’	urn:cts:greekLit:tlg0006.tlg018.fu.sp:963.1.text.token.6	δέ	δέ
δ’	urn:cts:greekLit:tlg0006.tlg018.fu.sp:968.1.text.token.2	δέ	δέ
δ’	urn:cts:greekLit:tlg0006.tlg018.fu.sp:982.1.text.token.5	δέ	δέ
δ’	urn:cts:greekLit:tlg0006.tlg018.fu.sp:985.1.text.token.2	δέ	δέ
δ’	urn:cts:greekLit:tlg0006.tlg018.fu.sp:995.1.text.token.2	δέ	δέ
δ’	urn:cts:greekLit:tlg0006.tlg018.fu.sp:997.1.text.token.2	δέ	δέ
δ’	urn:cts:greekLit:tlg0006.tlg018.fu.sp:1007.1.text.token.5	δέ	δέ
δ’	urn:cts:greekLit:tlg0006.tlg018.fu.sp:1016.1.text.token.2	δέ	δέ
δ’	urn:cts:greekLit:tlg0006.tlg018.fu.sp:1024.1.text.token.6	δέ	δέ
δ’	urn:cts:greekLit:tlg0006.tlg018.fu.sp:1025.1.text.token.2	δέ	δέ
δ’	urn:cts:greekLit:tlg0006.tlg018.fu.sp:1034.1.text.token.2	δέ	δέ
δ’	urn:cts:greekLit:tlg0006.tlg018.fu.sp:1058.1.text.token.2	δέ	δέ
δ’	urn:cts:greekLit:tlg0006.tlg018.fu.sp:1062.1.text.token.2	δέ	δέ
δ’	urn:cts:greekLit:tlg0006.tlg018.fu.sp:1080.1.text.token.3	δέ	δέ
δ’	urn:cts:greekLit:tlg0006.tlg018.fu.sp:1093.1.text.token.4	δέ	δέ
δ’	urn:cts:greekLit:tlg0006.tlg018.fu.sp:1100.1.text.token.3	δέ	δέ
δ’	urn:cts:greekLit:tlg0006.tlg018.fu.sp:1103.1.text.token.2	δέ	δέ
δ’	urn:cts:greekLit:tlg0006.tlg018.fu.sp:1109.1.text.token.2	δέ	δέ
δ’	urn:cts:greekLit:tlg0006.tlg018.fu.sp:1115.1.text.token.8	δέ	δέ
δ’	urn:cts:greekLit:tlg0006.tlg018.fu.sp:1121.1.text.token.2	δέ	δέ
δ’	urn:cts:greekLit:tlg0006.tlg018.fu.sp:1123.1.text.token.3	δέ	δέ
δ’	urn:cts:greekLit:tlg0006.tlg018.fu.sp:1127.1.text.token.2	δέ	δέ
δ’	urn:cts:greekLit:tlg0006.tlg018.fu.sp:1134.1.text.token.2	δέ	δέ
δ’	urn:cts:greekLit:tlg0006.tlg018.fu.sp:1156.1.text.token.5	δέ	δέ
δ’	urn:cts:greekLit:tlg0006.tlg018.fu.sp:1163.1.text.token.4	δέ	δέ
δ’	urn:cts:greekLit:tlg0006.tlg018.fu.sp:1164.1.text.token.2	δέ	δέ
δ’	urn:cts:greekLit:tlg0006.tlg018.fu.sp:1191.1.text.token.2	δέ	δέ
δ’	urn:cts:greekLit:tlg0006.tlg018.fu.sp:1202.1.text.token.7	δέ	δέ
δ’	urn:cts:greekLit:tlg0006.tlg018.fu.sp:1204.1.text.token.2	δέ	δέ
δ’	urn:cts:greekLit:tlg0006.tlg018.fu.sp:1207.1.text.token.2	δέ	δέ
δ’	urn:cts:greekLit:tlg0006.tlg018.fu.sp:1219.1.text.token.4	δέ	δέ
δ’	urn:cts:greekLit:tlg0006.tlg018.fu.sp:1223.1.text.token.2	δέ	δέ
δ’	urn:cts:greekLit:tlg0006.tlg018.fu.sp:1226.1.text.token.2	δέ	δέ
δ’	urn:cts:greekLit:tlg0006.tlg018.fu.sp:1228.1.text.token.2	δέ	δέ
δ’	urn:cts:greekLit:tlg0006.tlg018.fu.sp:1232.1.text.token.2	δέ	δέ
δ’	urn:cts:greekLit:tlg0006.tlg018.fu.sp:1248.1.text.token.7	δέ	δέ
δ’	urn:cts:greekLit:tlg0006.tlg018.fu.sp:1251.1.text.token.3	δέ	δέ
δ’	urn:cts:greekLit:tlg0006.tlg018.fu.sp:1251.1.text.token.7	δέ	δέ
δ’	urn:cts:greekLit:tlg0006.tlg018.fu.sp:1257.1.text.token.2	δέ	δέ
δ’	urn:cts:greekLit:tlg0006.tlg018.fu.sp:1264.1.text.token.2	δέ	δέ
δ’	urn:cts:greekLit:tlg0006.tlg018.fu.sp:1272.1.text.token.5	δέ	δέ
δ’	urn:cts:greekLit:tlg0006.tlg018.fu.sp:1310a.1.text.token.5	δέ	δέ
δ’	urn:cts:greekLit:tlg0006.tlg018.fu.sp:1327.1.text.token.6	δέ	δέ
δ’	urn:cts:greekLit:tlg0006.tlg018.fu.sp:1328.1.text.token.2	δέ	δέ
δ’	urn:cts:greekLit:tlg0006.tlg018.fu.sp:1334.1.text.token.5	δέ	δέ
δ’	urn:cts:greekLit:tlg0006.tlg018.fu.sp:1351.2.text.token.2	δέ	δέ
δ’	urn:cts:greekLit:tlg0006.tlg018.fu.sp:1361.2.text.token.2	δέ	δέ
δ’	urn:cts:greekLit:tlg0006.tlg018.fu.sp:1362.1.text.token.5	δέ	δέ
δ’	urn:cts:greekLit:tlg0006.tlg018.fu.sp:1365.2.text.token.2	δέ	δέ
δ’	urn:cts:greekLit:tlg0006.tlg018.fu.sp:1370.1.text.token.5	δέ	δέ
δ’	urn:cts:greekLit:tlg0006.tlg018.fu.sp:1374.1.text.token.2	δέ	δέ
δ’	urn:cts:greekLit:tlg0006.tlg018.fu.sp:1375.1.text.token.7	δέ	δέ
δ’	urn:cts:greekLit:tlg0006.tlg018.fu.sp:1388.1.text.token.2	δέ	δέ
δ’	urn:cts:greekLit:tlg0006.tlg018.fu.sp:1390.1.text.token.2	δέ	δέ
δ’	urn:cts:greekLit:tlg0006.tlg018.fu.sp:1400.1.text.token.2	δέ	δέ
δ’	urn:cts:greekLit:tlg0006.tlg018.fu.sp:1401.1.text.token.11	δέ	δέ
δ’	urn:cts:greekLit:tlg0006.tlg018.fu.sp:1412.1.text.token.2	δέ	δέ
δ’	urn:cts:greekLit:tlg0006.tlg018.fu.sp:1418.1.text.token.7	δέ	δέ
δ’	urn:cts:greekLit:tlg0006.tlg018.fu.sp:1424.1.text.token.2	δέ	δέ
δ’	urn:cts:greekLit:tlg0006.tlg018.fu.sp:1440.1.text.token.9	δέ	δέ
δ’	urn:cts:greekLit:tlg0006.tlg018.fu.sp:1457.1.text.token.2	δέ	δέ
δ’	urn:cts:greekLit:tlg0006.tlg018.fu.sp:1462.1.text.token.2	δέ	δέ
δ’	urn:cts:greekLit:tlg0006.tlg018.fu.sp:1467.1.text.token.2	δέ	δέ
δ’	urn:cts:greekLit:tlg0006.tlg018.fu.sp:1470.1.text.token.2	δέ	δέ
δ’	urn:cts:greekLit:tlg0006.tlg018.fu.sp:1503.1.text.token.2	δέ	δέ
δ’	urn:cts:greekLit:tlg0006.tlg018.fu.sp:1541.1.text.token.2	δέ	δέ
δ’	urn:cts:greekLit:tlg0006.tlg018.fu.sp:1547.1.text.token.4	δέ	δέ
δ’	urn:cts:greekLit:tlg0006.tlg018.fu.sp:1561.1.text.token.5	δέ	δέ
δ’	urn:cts:greekLit:tlg0006.tlg018.fu.sp:1563.1.text.token.2	δέ	δέ
δ’	urn:cts:greekLit:tlg0006.tlg018.fu.sp:1565.1.text.token.2	δέ	δέ
δ’	urn:cts:greekLit:tlg0006.tlg018.fu.sp:1568.1.text.token.3	δέ	δέ
δ’	urn:cts:greekLit:tlg0006.tlg018.fu.sp:1570.1.text.token.2	δέ	δέ
δ’	urn:cts:greekLit:tlg0006.tlg018.fu.sp:1577.1.text.token.3	δέ	δέ
δ’	urn:cts:greekLit:tlg0006.tlg018.fu.sp:1581.1.text.token.5	δέ	δέ
δ’	urn:cts:greekLit:tlg0006.tlg018.fu.sp:1583.1.text.token.3	δέ	δέ
δ’	urn:cts:greekLit:tlg0006.tlg018.fu.sp:1584.1.text.token.2	δέ	δέ
δ’	urn:cts:greekLit:tlg0006.tlg018.fu.sp:1584.1.text.token.6	δέ	δέ
δ’	urn:cts:greekLit:tlg0006.tlg018.fu.sp:1601.2.text.token.2	δέ	δέ
δ’	urn:cts:greekLit:tlg0006.tlg018.fu.sp:1604.1.text.token.2	δέ	δέ
δ’	urn:cts:greekLit:tlg0006.tlg018.fu.sp:1609.1.text.token.2	δέ	δέ
δ’	urn:cts:greekLit:tlg0006.tlg018.fu.sp:1614.1.text.token.2	δέ	δέ
δ’	urn:cts:greekLit:tlg0006.tlg018.fu.sp:1616.1.text.token.6	δέ	δέ
δ’	urn:cts:greekLit:tlg0006.tlg018.fu.sp:1628.1.text.token.2	δέ	δέ
εἰκότ’	urn:cts:greekLit:tlg0006.tlg018.fu.sp:1134.1.text.token.7		εἰκότ’
εἰκότ’	urn:cts:greekLit:tlg0006.tlg018.fu.sp:1134.1.text.token.9		εἰκότ’
εἱλίσσουσ’	urn:cts:greekLit:tlg0006.tlg018.fu.sp:1571.1.text.token.3		εἱλίσσουσ’
εἴθ’	urn:cts:greekLit:tlg0006.tlg018.fu.sp:666.2.text.token.1	εἴτε	εἴτε
εἴτ’	urn:cts:greekLit:tlg0006.tlg018.fu.sp:797.1.text.token.6		εἴτ’
εἴφ’	urn:cts:greekLit:tlg0006.tlg018.fu.sp:1129.1.text.token.1		εἴφ’
εἵλεθ’	urn:cts:greekLit:tlg0006.tlg018.fu.sp:70.1.text.token.3		εἵλεθ’
εἵνεκ’	urn:cts:greekLit:tlg0006.tlg018.fu.sp:1367.2.text.token.3		εἵνεκ’
εἵνεκ’	urn:cts:greekLit:tlg0006.tlg018.fu.sp:1393.1.text.token.4		εἵνεκ’
εἶτ’	urn:cts:greekLit:tlg0006.tlg018.fu.sp:384.1.text.token.3	εἶτε	εἶτε
εὐδαίμον’	urn:cts:greekLit:tlg0006.tlg018.fu.sp:1224.1.text.token.1		εὐδαίμον’
ζεύγματ’	urn:cts:greekLit:tlg0006.tlg018.fu.sp:443.1.text.token.4		ζεύγματ’
ηὔξαθ’	urn:cts:greekLit:tlg0006.tlg018.fu.sp:1603.1.text.token.3		ηὔξαθ’
ηὕρηχ’	urn:cts:greekLit:tlg0006.tlg018.fu.sp:1107.1.text.token.1		ηὕρηχ’
θανοῦσ’	urn:cts:greekLit:tlg0006.tlg018.fu.sp:989.1.text.token.1		θανοῦσ’
θαύμαζ’	urn:cts:greekLit:tlg0006.tlg018.fu.sp:844.1.text.token.1		θαύμαζ’
θαύματ’	urn:cts:greekLit:tlg0006.tlg018.fu.sp:844.1.text.token.5		θαύματ’
θρηνῳδοῦσ’	urn:cts:greekLit:tlg0006.tlg018.fu.sp:1176.1.text.token.5		θρηνῳδοῦσ’
θυγατέρ’	urn:cts:greekLit:tlg0006.tlg018.fu.sp:100.1.text.token.3		θυγατέρ’
θυγατέρ’	urn:cts:greekLit:tlg0006.tlg018.fu.sp:687.1.text.token.3		θυγατέρ’
θυγατέρ’	urn:cts:greekLit:tlg0006.tlg018.fu.sp:964.1.text.token.3		θυγατέρ’
θυγατέρ’	urn:cts:greekLit:tlg0006.tlg018.fu.sp:972.1.text.token.6		θυγατέρ’
θάσσουσ’	urn:cts:greekLit:tlg0006.tlg018.fu.sp:807.1.text.token.1		θάσσουσ’
θέλουσ’	urn:cts:greekLit:tlg0006.tlg018.fu.sp:190.1.text.token.3		θέλουσ’
θέσφαθ’	urn:cts:greekLit:tlg0006.tlg018.fu.sp:879.1.text.token.1		θέσφαθ’
θέσφατ’	urn:cts:greekLit:tlg0006.tlg018.fu.sp:529.1.text.token.4		θέσφατ’
θέσφατ’	urn:cts:greekLit:tlg0006.tlg018.fu.sp:1268.1.text.token.5		θέσφατ’
θέσφατ’	urn:cts:greekLit:tlg0006.tlg018.fu.sp:1486.1.text.token.1		θέσφατ’
θήρευμ’	urn:cts:greekLit:tlg0006.tlg018.fu.sp:1162.1.text.token.3		θήρευμ’
θύετ’	urn:cts:greekLit:tlg0006.tlg018.fu.sp:1398.1.text.token.1		θύετ’
θύμαθ’	urn:cts:greekLit:tlg0006.tlg018.fu.sp:721.1.text.token.3		θύμαθ’
θῦμ’	urn:cts:greekLit:tlg0006.tlg018.fu.sp:1602.1.text.token.2		θῦμ’
θ’	urn:cts:greekLit:tlg0006.tlg018.fu.sp:65.1.text.token.4	τε	τε
θ’	urn:cts:greekLit:tlg0006.tlg018.fu.sp:82.1.text.token.6	τε	τε
θ’	urn:cts:greekLit:tlg0006.tlg018.fu.sp:107.1.text.token.5	τε	τε
θ’	urn:cts:greekLit:tlg0006.tlg018.fu.sp:175.1.text.token.4	τε	τε
θ’	urn:cts:greekLit:tlg0006.tlg018.fu.sp:198.1.text.token.2	τε	τε
θ’	urn:cts:greekLit:tlg0006.tlg018.fu.sp:199.1.text.token.2	τε	τε
θ’	urn:cts:greekLit:tlg0006.tlg018.fu.sp:377.1.text.token.2	τε	τε
θ’	urn:cts:greekLit:tlg0006.tlg018.fu.sp:561.1.text.token.2	τε	τε
θ’	urn:cts:greekLit:tlg0006.tlg018.fu.sp:614.1.text.token.5	τε	τε
θ’	urn:cts:greekLit:tlg0006.tlg018.fu.sp:864.1.text.token.4	τε	τε
θ’	urn:cts:greekLit:tlg0006.tlg018.fu.sp:1002.1.text.token.5	τε	τε
θ’	urn:cts:greekLit:tlg0006.tlg018.fu.sp:1038.1.text.token.2	τε	τε
θ’	urn:cts:greekLit:tlg0006.tlg018.fu.sp:1079.1.text.token.2	τε	τε
θ’	urn:cts:greekLit:tlg0006.tlg018.fu.sp:1132.2.text.token.6	τε	τε
θ’	urn:cts:greekLit:tlg0006.tlg018.fu.sp:1260.1.text.token.2	τε	τε
θ’	urn:cts:greekLit:tlg0006.tlg018.fu.sp:1302.1.text.token.2	τε	τε
θ’	urn:cts:greekLit:tlg0006.tlg018.fu.sp:1302.1.text.token.4	τε	τε
θ’	urn:cts:greekLit:tlg0006.tlg018.fu.sp:1569.1.text.token.5	τε	τε
θ’	urn:cts:greekLit:tlg0006.tlg018.fu.sp:1573.1.text.token.7	τε	τε
θ’	urn:cts:greekLit:tlg0006.tlg018.fu.sp:1605.1.text.token.2	τε	τε
θ’	urn:cts:greekLit:tlg0006.tlg018.fu.sp:1611.1.text.token.2	τε	τε
καθ’	urn:cts:greekLit:tlg0006.tlg018.fu.sp:77.1.text.token.5	κατά	κατά
καθ’	urn:cts:greekLit:tlg0006.tlg018.fu.sp:1047.1.text.token.2	κατά	κατά
καθ’	urn:cts:greekLit:tlg0006.tlg018.fu.sp:1606.1.text.token.5	κατά	κατά
καταστέψασ’	urn:cts:greekLit:tlg0006.tlg018.fu.sp:905.1.text.token.2		καταστέψασ’
κατθανοῦσ’	urn:cts:greekLit:tlg0006.tlg018.fu.sp:1239.1.text.token.4		κατθανοῦσ’
κατόμνυμ’	urn:cts:greekLit:tlg0006.tlg018.fu.sp:473.1.text.token.2		κατόμνυμ’
κατῴκτιρ’	urn:cts:greekLit:tlg0006.tlg018.fu.sp:469.1.text.token.2		κατῴκτιρ’
κατ’	urn:cts:greekLit:tlg0006.tlg018.fu.sp:53.1.text.token.5	κατά	κατά
κατ’	urn:cts:greekLit:tlg0006.tlg018.fu.sp:88.1.text.token.4	κατά	κατά
κατ’	urn:cts:greekLit:tlg0006.tlg018.fu.sp:109.1.text.token.7	κατά	κατά
κατ’	urn:cts:greekLit:tlg0006.tlg018.fu.sp:11.1.text.token.2	κατά	κατά
κατ’	urn:cts:greekLit:tlg0006.tlg018.fu.sp:14.1.text.token.5	κατά	κατά
κατ’	urn:cts:greekLit:tlg0006.tlg018.fu.sp:239.1.text.token.4	κατά	κατά
κατ’	urn:cts:greekLit:tlg0006.tlg018.fu.sp:301.1.text.token.3	κατά	κατά
κατ’	urn:cts:greekLit:tlg0006.tlg018.fu.sp:656.1.text.token.6	κατά	κατά
κατ’	urn:cts:greekLit:tlg0006.tlg018.fu.sp:704.1.text.token.7	κατά	κατά
κατ’	urn:cts:greekLit:tlg0006.tlg018.fu.sp:931.1.text.token.5	κατά	κατά
κατ’	urn:cts:greekLit:tlg0006.tlg018.fu.sp:933.1.text.token.3	κατά	κατά
κατ’	urn:cts:greekLit:tlg0006.tlg018.fu.sp:996.1.text.token.2	κατά	κατά
κατ’	urn:cts:greekLit:tlg0006.tlg018.fu.sp:1440.1.text.token.7	κατά	κατά
κατ’	urn:cts:greekLit:tlg0006.tlg018.fu.sp:1453.1.text.token.4	κατά	κατά
κομίζουσ’	urn:cts:greekLit:tlg0006.tlg018.fu.sp:147.1.text.token.2		κομίζουσ’
κομίζουσ’	urn:cts:greekLit:tlg0006.tlg018.fu.sp:1205.1.text.token.2		κομίζουσ’
κἀπ’	urn:cts:greekLit:tlg0006.tlg018.fu.sp:1392.1.text.token.1		κἀπ’
κἄμ’	urn:cts:greekLit:tlg0006.tlg018.fu.sp:530.1.text.token.1		κἄμ’
κἄμ’	urn:cts:greekLit:tlg0006.tlg018.fu.sp:532.1.text.token.2		κἄμ’
κάκ’	urn:cts:greekLit:tlg0006.tlg018.fu.sp:326.1.text.token.9		κάκ’
κᾆθ’	urn:cts:greekLit:tlg0006.tlg018.fu.sp:363.1.text.token.1	κᾆτι	κᾆτι
κᾆτ’	urn:cts:greekLit:tlg0006.tlg018.fu.sp:343.1.text.token.1	κᾆτι	κᾆτι
κᾆτ’	urn:cts:greekLit:tlg0006.tlg018.fu.sp:358.1.text.token.1	κᾆτι	κᾆτι
κᾆτ’	urn:cts:greekLit:tlg0006.tlg018.fu.sp:530.1.text.token.6	κᾆτι	κᾆτι
λαβοῦσ’	urn:cts:greekLit:tlg0006.tlg018.fu.sp:1119.1.text.token.1		λαβοῦσ’
λειμῶν’	urn:cts:greekLit:tlg0006.tlg018.fu.sp:1463.1.text.token.3		λειμῶν’
λάβοιμ’	urn:cts:greekLit:tlg0006.tlg018.fu.sp:486.1.text.token.2		λάβοιμ’
λάζυσθ’	urn:cts:greekLit:tlg0006.tlg018.fu.sp:622.1.text.token.1		λάζυσθ’
λάμπουσ’	urn:cts:greekLit:tlg0006.tlg018.fu.sp:157.1.text.token.4		λάμπουσ’
λέγουσ’	urn:cts:greekLit:tlg0006.tlg018.fu.sp:815.1.text.token.1		λέγουσ’
λέγ’	urn:cts:greekLit:tlg0006.tlg018.fu.sp:1135.1.text.token.8	λέγε	λέγε
λέγ’	urn:cts:greekLit:tlg0006.tlg018.fu.sp:1436.1.text.token.1	λέγε	λέγε
λέκτρ’	urn:cts:greekLit:tlg0006.tlg018.fu.sp:382.1.text.token.9		λέκτρ’
λῆμ’	urn:cts:greekLit:tlg0006.tlg018.fu.sp:1421.1.text.token.2		λῆμ’
μαντεύματ’	urn:cts:greekLit:tlg0006.tlg018.fu.sp:518.1.text.token.3		μαντεύματ’
μαρμαίροντ’	urn:cts:greekLit:tlg0006.tlg018.fu.sp:1154.1.text.token.2		μαρμαίροντ’
μεθ’	urn:cts:greekLit:tlg0006.tlg018.fu.sp:870.1.text.token.4	μετά	μετά
μεθ’	urn:cts:greekLit:tlg0006.tlg018.fu.sp:1377.1.text.token.4	μετά	μετά
μηδέν’	urn:cts:greekLit:tlg0006.tlg018.fu.sp:373.1.text.token.1	μηδένα	μηδένα
μηδ’	urn:cts:greekLit:tlg0006.tlg018.fu.sp:374.1.text.token.1	μηδέ	μηδέ
μηδ’	urn:cts:greekLit:tlg0006.tlg018.fu.sp:604.1.text.token.5	μηδέ	μηδέ
μηδ’	urn:cts:greekLit:tlg0006.tlg018.fu.sp:978.1.text.token.1	μηδέ	μηδέ
μηδ’	urn:cts:greekLit:tlg0006.tlg018.fu.sp:1323.1.text.token.1	μηδέ	μηδέ
μηδ’	urn:cts:greekLit:tlg0006.tlg018.fu.sp:1419.1.text.token.5	μηδέ	μηδέ
μηδ’	urn:cts:greekLit:tlg0006.tlg018.fu.sp:1448.1.text.token.1	μηδέ	μηδέ
μηδ’	urn:cts:greekLit:tlg0006.tlg018.fu.sp:1586.1.text.token.5	μηδέ	μηδέ
μηκέθ’	urn:cts:greekLit:tlg0006.tlg018.fu.sp:1381.1.text.token.1		μηκέθ’
μητέρ’	urn:cts:greekLit:tlg0006.tlg018.fu.sp:628.1.text.token.2		μητέρ’
μονωθεῖσ’	urn:cts:greekLit:tlg0006.tlg018.fu.sp:669.1.text.token.3		μονωθεῖσ’
μάλιστ’	urn:cts:greekLit:tlg0006.tlg018.fu.sp:370.1.text.token.2		μάλιστ’
μάλιστ’	urn:cts:greekLit:tlg0006.tlg018.fu.sp:964.1.text.token.1		μάλιστ’
μέλλοντ’	urn:cts:greekLit:tlg0006.tlg018.fu.sp:865.1.text.token.4		μέλλοντ’
μέλλ’	urn:cts:greekLit:tlg0006.tlg018.fu.sp:866.1.text.token.4		μέλλ’
μέν’	urn:cts:greekLit:tlg0006.tlg018.fu.sp:656.1.text.token.1		μέν’
μέν’	urn:cts:greekLit:tlg0006.tlg018.fu.sp:1461.1.text.token.1		μέν’
μέτ’	urn:cts:greekLit:tlg0006.tlg018.fu.sp:967.1.text.token.5		μέτ’
μήθ’	urn:cts:greekLit:tlg0006.tlg018.fu.sp:142.1.text.token.2	μήτε	μήτε
μήποτ’	urn:cts:greekLit:tlg0006.tlg018.fu.sp:70.1.text.token.7		μήποτ’
μήποτ’	urn:cts:greekLit:tlg0006.tlg018.fu.sp:663.1.text.token.2		μήποτ’
μήποτ’	urn:cts:greekLit:tlg0006.tlg018.fu.sp:1337.1.text.token.4		μήποτ’
μήτ’	urn:cts:greekLit:tlg0006.tlg018.fu.sp:141.1.text.token.3	μήτε	μήτε
μήτ’	urn:cts:greekLit:tlg0006.tlg018.fu.sp:335.1.text.token.8	μήτε	μήτε
μήτ’	urn:cts:greekLit:tlg0006.tlg018.fu.sp:481.1.text.token.4	μήτε	μήτε
μήτ’	urn:cts:greekLit:tlg0006.tlg018.fu.sp:482.1.text.token.1	μήτε	μήτε
μήτ’	urn:cts:greekLit:tlg0006.tlg018.fu.sp:784.1.text.token.1	μήτε	μήτε
μήτ’	urn:cts:greekLit:tlg0006.tlg018.fu.sp:784.2.text.token.1	μήτε	μήτε
μήτ’	urn:cts:greekLit:tlg0006.tlg018.fu.sp:999.1.text.token.1	μήτε	μήτε
μήτ’	urn:cts:greekLit:tlg0006.tlg018.fu.sp:1183.1.text.token.5	μήτε	μήτε
μήτ’	urn:cts:greekLit:tlg0006.tlg018.fu.sp:1184.1.text.token.6	μήτε	μήτε
μήτ’	urn:cts:greekLit:tlg0006.tlg018.fu.sp:1437.1.text.token.1	μήτε	μήτε
μήτ’	urn:cts:greekLit:tlg0006.tlg018.fu.sp:1438.1.text.token.1	μήτε	μήτε
μίμν’	urn:cts:greekLit:tlg0006.tlg018.fu.sp:1344.1.text.token.2		μίμν’
μί’	urn:cts:greekLit:tlg0006.tlg018.fu.sp:1390.1.text.token.5		μί’
μ’	urn:cts:greekLit:tlg0006.tlg018.fu.sp:97.1.text.token.3	με	με
μ’	urn:cts:greekLit:tlg0006.tlg018.fu.sp:110.1.text.token.5	με	με
μ’	urn:cts:greekLit:tlg0006.tlg018.fu.sp:46.1.text.token.3	με	με
μ’	urn:cts:greekLit:tlg0006.tlg018.fu.sp:330.1.text.token.4	με	με
μ’	urn:cts:greekLit:tlg0006.tlg018.fu.sp:409.1.text.token.4	με	με
μ’	urn:cts:greekLit:tlg0006.tlg018.fu.sp:456.1.text.token.3	με	με
μ’	urn:cts:greekLit:tlg0006.tlg018.fu.sp:467.1.text.token.6	με	με
μ’	urn:cts:greekLit:tlg0006.tlg018.fu.sp:487.1.text.token.6	με	με
μ’	urn:cts:greekLit:tlg0006.tlg018.fu.sp:491.1.text.token.3	με	με
μ’	urn:cts:greekLit:tlg0006.tlg018.fu.sp:642.1.text.token.5	με	με
μ’	urn:cts:greekLit:tlg0006.tlg018.fu.sp:644.2.text.token.6	με	με
μ’	urn:cts:greekLit:tlg0006.tlg018.fu.sp:653.1.text.token.6	με	με
μ’	urn:cts:greekLit:tlg0006.tlg018.fu.sp:661.1.text.token.4	με	με
μ’	urn:cts:greekLit:tlg0006.tlg018.fu.sp:670.1.text.token.3	με	με
μ’	urn:cts:greekLit:tlg0006.tlg018.fu.sp:684.1.text.token.3	με	με
μ’	urn:cts:greekLit:tlg0006.tlg018.fu.sp:736.1.text.token.4	με	με
μ’	urn:cts:greekLit:tlg0006.tlg018.fu.sp:790.1.text.token.3	με	με
μ’	urn:cts:greekLit:tlg0006.tlg018.fu.sp:837.1.text.token.6	με	με
μ’	urn:cts:greekLit:tlg0006.tlg018.fu.sp:861.1.text.token.10	με	με
μ’	urn:cts:greekLit:tlg0006.tlg018.fu.sp:869.1.text.token.2	με	με
μ’	urn:cts:greekLit:tlg0006.tlg018.fu.sp:884.1.text.token.9	με	με
μ’	urn:cts:greekLit:tlg0006.tlg018.fu.sp:910.1.text.token.5	με	με
μ’	urn:cts:greekLit:tlg0006.tlg018.fu.sp:949.1.text.token.6	με	με
μ’	urn:cts:greekLit:tlg0006.tlg018.fu.sp:1002.1.text.token.3	με	με
μ’	urn:cts:greekLit:tlg0006.tlg018.fu.sp:1005.1.text.token.9	με	με
μ’	urn:cts:greekLit:tlg0006.tlg018.fu.sp:1020.1.text.token.6	με	με
μ’	urn:cts:greekLit:tlg0006.tlg018.fu.sp:1026.1.text.token.9	με	με
μ’	urn:cts:greekLit:tlg0006.tlg018.fu.sp:1116.1.text.token.5	με	με
μ’	urn:cts:greekLit:tlg0006.tlg018.fu.sp:1165.1.text.token.7	με	με
μ’	urn:cts:greekLit:tlg0006.tlg018.fu.sp:1171.1.text.token.6	με	με
μ’	urn:cts:greekLit:tlg0006.tlg018.fu.sp:1206.1.text.token.3	με	με
μ’	urn:cts:greekLit:tlg0006.tlg018.fu.sp:1218.1.text.token.2	με	με
μ’	urn:cts:greekLit:tlg0006.tlg018.fu.sp:1219.1.text.token.8	με	με
μ’	urn:cts:greekLit:tlg0006.tlg018.fu.sp:1232.1.text.token.6	με	με
μ’	urn:cts:greekLit:tlg0006.tlg018.fu.sp:1374.1.text.token.4	με	με
μ’	urn:cts:greekLit:tlg0006.tlg018.fu.sp:1386.1.text.token.3	με	με
μ’	urn:cts:greekLit:tlg0006.tlg018.fu.sp:1410.1.text.token.6	με	με
μ’	urn:cts:greekLit:tlg0006.tlg018.fu.sp:1420.1.text.token.4	με	με
μ’	urn:cts:greekLit:tlg0006.tlg018.fu.sp:1456.1.text.token.2	με	με
μ’	urn:cts:greekLit:tlg0006.tlg018.fu.sp:1458.1.text.token.2	με	με
μ’	urn:cts:greekLit:tlg0006.tlg018.fu.sp:1604.1.text.token.4	με	με
ξυνίσταθ’	urn:cts:greekLit:tlg0006.tlg018.fu.sp:54.1.text.token.1		ξυνίσταθ’
ξέν’	urn:cts:greekLit:tlg0006.tlg018.fu.sp:855.1.text.token.2		ξέν’
οἰηθεῖσ’	urn:cts:greekLit:tlg0006.tlg018.fu.sp:986.1.text.token.6		οἰηθεῖσ’
οἵδ’	urn:cts:greekLit:tlg0006.tlg018.fu.sp:402.1.text.token.1		οἵδ’
οἶδ’	urn:cts:greekLit:tlg0006.tlg018.fu.sp:643.1.text.token.2	οἶδα	οἶδα
οἶδ’	urn:cts:greekLit:tlg0006.tlg018.fu.sp:652.1.text.token.3	οἶδα	οἶδα
οἶδ’	urn:cts:greekLit:tlg0006.tlg018.fu.sp:695.1.text.token.5	οἶδα	οἶδα
οἶδ’	urn:cts:greekLit:tlg0006.tlg018.fu.sp:1116.1.text.token.2	οἶδα	οἶδα
οἶσθ’	urn:cts:greekLit:tlg0006.tlg018.fu.sp:325.1.text.token.3	οἶσθε	οἶσθε
οἶσθ’	urn:cts:greekLit:tlg0006.tlg018.fu.sp:337.1.text.token.1	οἶσθε	οἶσθε
οἶσθ’	urn:cts:greekLit:tlg0006.tlg018.fu.sp:725.1.text.token.1	οἶσθε	οἶσθε
οἷ’	urn:cts:greekLit:tlg0006.tlg018.fu.sp:443.1.text.token.2	οἷα	οἷα
οὐδέν’	urn:cts:greekLit:tlg0006.tlg018.fu.sp:1416.1.text.token.4		οὐδέν’
οὐδ’	urn:cts:greekLit:tlg0006.tlg018.fu.sp:129.1.text.token.5	οὐδέ	οὐδέ
οὐδ’	urn:cts:greekLit:tlg0006.tlg018.fu.sp:130.1.text.token.1	οὐδέ	οὐδέ
οὐδ’	urn:cts:greekLit:tlg0006.tlg018.fu.sp:162.1.text.token.1	οὐδέ	οὐδέ
οὐδ’	urn:cts:greekLit:tlg0006.tlg018.fu.sp:310.2.text.token.1	οὐδέ	οὐδέ
οὐδ’	urn:cts:greekLit:tlg0006.tlg018.fu.sp:842.1.text.token.1	οὐδέ	οὐδέ
οὐδ’	urn:cts:greekLit:tlg0006.tlg018.fu.sp:951.1.text.token.1	οὐδέ	οὐδέ
οὐδ’	urn:cts:greekLit:tlg0006.tlg018.fu.sp:1085.1.text.token.4	οὐδέ	οὐδέ
οὐδ’	urn:cts:greekLit:tlg0006.tlg018.fu.sp:1122.1.text.token.6	οὐδέ	οὐδέ
οὐδ’	urn:cts:greekLit:tlg0006.tlg018.fu.sp:1178.1.text.token.6	οὐδέ	οὐδέ
οὐδ’	urn:cts:greekLit:tlg0006.tlg018.fu.sp:1263.1.text.token.1	οὐδέ	οὐδέ
οὐδ’	urn:cts:greekLit:tlg0006.tlg018.fu.sp:1270.1.text.token.1	οὐδέ	οὐδέ
οὐδ’	urn:cts:greekLit:tlg0006.tlg018.fu.sp:1282.1.text.token.1	οὐδέ	οὐδέ
οὐκέτ’	urn:cts:greekLit:tlg0006.tlg018.fu.sp:344.1.text.token.3	οὐκέτι	οὐκέτι
οὐκέτ’	urn:cts:greekLit:tlg0006.tlg018.fu.sp:940.1.text.token.6	οὐκέτι	οὐκέτι
οὐπώποτ’	urn:cts:greekLit:tlg0006.tlg018.fu.sp:841.1.text.token.1		οὐπώποτ’
οὔποτ’	urn:cts:greekLit:tlg0006.tlg018.fu.sp:96.1.text.token.2		οὔποτ’
οὔτ’	urn:cts:greekLit:tlg0006.tlg018.fu.sp:9.1.text.token.4		οὔτ’
οὔτ’	urn:cts:greekLit:tlg0006.tlg018.fu.sp:336.1.text.token.3		οὔτ’
οὕνεκ’	urn:cts:greekLit:tlg0006.tlg018.fu.sp:102.1.text.token.4		οὕνεκ’
παθοῦσ’	urn:cts:greekLit:tlg0006.tlg018.fu.sp:852.1.text.token.4		παθοῦσ’
παραφέρουσ’	urn:cts:greekLit:tlg0006.tlg018.fu.sp:981.1.text.token.3		παραφέρουσ’
παρῇδ’	urn:cts:greekLit:tlg0006.tlg018.fu.sp:187.1.text.token.2		παρῇδ’
παρ’	urn:cts:greekLit:tlg0006.tlg018.fu.sp:103.1.text.token.3	παρά	παρά
παρ’	urn:cts:greekLit:tlg0006.tlg018.fu.sp:229.1.text.token.4	παρά	παρά
παρ’	urn:cts:greekLit:tlg0006.tlg018.fu.sp:646.1.text.token.1	παρά	παρά
παρ’	urn:cts:greekLit:tlg0006.tlg018.fu.sp:723.1.text.token.2	παρά	παρά
παρ’	urn:cts:greekLit:tlg0006.tlg018.fu.sp:788.1.text.token.2	παρά	παρά
παρ’	urn:cts:greekLit:tlg0006.tlg018.fu.sp:1436.1.text.token.4	παρά	παρά
παρ’	urn:cts:greekLit:tlg0006.tlg018.fu.sp:1490.1.text.token.1	παρά	παρά
παῖδ’	urn:cts:greekLit:tlg0006.tlg018.fu.sp:130.1.text.token.4		παῖδ’
παῖδ’	urn:cts:greekLit:tlg0006.tlg018.fu.sp:134.1.text.token.6		παῖδ’
παῖδ’	urn:cts:greekLit:tlg0006.tlg018.fu.sp:328.1.text.token.3		παῖδ’
παῖδ’	urn:cts:greekLit:tlg0006.tlg018.fu.sp:428.1.text.token.2		παῖδ’
παῖδ’	urn:cts:greekLit:tlg0006.tlg018.fu.sp:540.1.text.token.5		παῖδ’
παῖδ’	urn:cts:greekLit:tlg0006.tlg018.fu.sp:695.1.text.token.4		παῖδ’
παῖδ’	urn:cts:greekLit:tlg0006.tlg018.fu.sp:803.1.text.token.3		παῖδ’
παῖδ’	urn:cts:greekLit:tlg0006.tlg018.fu.sp:836.1.text.token.1		παῖδ’
παῖδ’	urn:cts:greekLit:tlg0006.tlg018.fu.sp:892.1.text.token.5		παῖδ’
παῖδ’	urn:cts:greekLit:tlg0006.tlg018.fu.sp:998.1.text.token.4		παῖδ’
παῖδ’	urn:cts:greekLit:tlg0006.tlg018.fu.sp:1153.1.text.token.5		παῖδ’
παῖδ’	urn:cts:greekLit:tlg0006.tlg018.fu.sp:1185.2.text.token.4		παῖδ’
παῖδ’	urn:cts:greekLit:tlg0006.tlg018.fu.sp:1198.1.text.token.3		παῖδ’
παῖδ’	urn:cts:greekLit:tlg0006.tlg018.fu.sp:1220.1.text.token.7		παῖδ’
παῖδ’	urn:cts:greekLit:tlg0006.tlg018.fu.sp:1546.1.text.token.2		παῖδ’
πειθώμεθ’	urn:cts:greekLit:tlg0006.tlg018.fu.sp:1011.1.text.token.2		πειθώμεθ’
πεισόμεθ’	urn:cts:greekLit:tlg0006.tlg018.fu.sp:929.1.text.token.1		πεισόμεθ’
πεπόνθασ’	urn:cts:greekLit:tlg0006.tlg018.fu.sp:366.1.text.token.4		πεπόνθασ’
πεπύσμεθ’	urn:cts:greekLit:tlg0006.tlg018.fu.sp:1141.1.text.token.5		πεπύσμεθ’
πεφύκασ’	urn:cts:greekLit:tlg0006.tlg018.fu.sp:953.1.text.token.2		πεφύκασ’
πλεύσασ’	urn:cts:greekLit:tlg0006.tlg018.fu.sp:668.1.text.token.3		πλεύσασ’
πνεύσωσ’	urn:cts:greekLit:tlg0006.tlg018.fu.sp:761.1.text.token.2		πνεύσωσ’
ποθ’	urn:cts:greekLit:tlg0006.tlg018.fu.sp:872.1.text.token.3	ποτε	ποτε
πορεύεθ’	urn:cts:greekLit:tlg0006.tlg018.fu.sp:611.1.text.token.2		πορεύεθ’
πορεύσατ’	urn:cts:greekLit:tlg0006.tlg018.fu.sp:616.1.text.token.3		πορεύσατ’
ποτ’	urn:cts:greekLit:tlg0006.tlg018.fu.sp:6.1.text.token.2	ποτε	ποτε
ποτ’	urn:cts:greekLit:tlg0006.tlg018.fu.sp:317.2.text.token.2	ποτε	ποτε
ποτ’	urn:cts:greekLit:tlg0006.tlg018.fu.sp:377.1.text.token.5	ποτε	ποτε
ποτ’	urn:cts:greekLit:tlg0006.tlg018.fu.sp:638.1.text.token.11	ποτε	ποτε
ποτ’	urn:cts:greekLit:tlg0006.tlg018.fu.sp:785.1.text.token.3	ποτε	ποτε
ποτ’	urn:cts:greekLit:tlg0006.tlg018.fu.sp:1291.1.text.token.2	ποτε	ποτε
προλιποῦσ’	urn:cts:greekLit:tlg0006.tlg018.fu.sp:168.1.text.token.4		προλιποῦσ’
πράγματ’	urn:cts:greekLit:tlg0006.tlg018.fu.sp:489.1.text.token.8		πράγματ’
πρόσθ’	urn:cts:greekLit:tlg0006.tlg018.fu.sp:659.1.text.token.3		πρόσθ’
πρόσθ’	urn:cts:greekLit:tlg0006.tlg018.fu.sp:1123.1.text.token.6		πρόσθ’
πρόσφορ’	urn:cts:greekLit:tlg0006.tlg018.fu.sp:1603.1.text.token.2		πρόσφορ’
πρᾶγμ’	urn:cts:greekLit:tlg0006.tlg018.fu.sp:1009.1.text.token.7		πρᾶγμ’
πρᾶγμ’	urn:cts:greekLit:tlg0006.tlg018.fu.sp:1202.1.text.token.3		πρᾶγμ’
πρᾶγμ’	urn:cts:greekLit:tlg0006.tlg018.fu.sp:1607.1.text.token.6		πρᾶγμ’
πρῶθ’	urn:cts:greekLit:tlg0006.tlg018.fu.sp:349.1.text.token.9		πρῶθ’
πρῶτ’	urn:cts:greekLit:tlg0006.tlg018.fu.sp:51.1.text.token.7		πρῶτ’
πρῶτ’	urn:cts:greekLit:tlg0006.tlg018.fu.sp:349.1.text.token.4		πρῶτ’
πτέρυγ’	urn:cts:greekLit:tlg0006.tlg018.fu.sp:120.1.text.token.3		πτέρυγ’
πάντολμ’	urn:cts:greekLit:tlg0006.tlg018.fu.sp:913.1.text.token.3		πάντολμ’
πάντ’	urn:cts:greekLit:tlg0006.tlg018.fu.sp:95.1.text.token.3	πάντα	πάντα
πάντ’	urn:cts:greekLit:tlg0006.tlg018.fu.sp:524.1.text.token.4	πάντα	πάντα
πάντ’	urn:cts:greekLit:tlg0006.tlg018.fu.sp:883.1.text.token.1	πάντα	πάντα
πάντ’	urn:cts:greekLit:tlg0006.tlg018.fu.sp:1141.1.text.token.1	πάντα	πάντα
πέμπετ’	urn:cts:greekLit:tlg0006.tlg018.fu.sp:612.1.text.token.2		πέμπετ’
πέργαμ’	urn:cts:greekLit:tlg0006.tlg018.fu.sp:1576.1.text.token.3		πέργαμ’
πήματ’	urn:cts:greekLit:tlg0006.tlg018.fu.sp:536.1.text.token.3		πήματ’
πόλλ’	urn:cts:greekLit:tlg0006.tlg018.fu.sp:645.1.text.token.1	πόλλα	πόλλα
πότνι’	urn:cts:greekLit:tlg0006.tlg018.fu.sp:821.1.text.token.2		πότνι’
σεσῴσμεθ’	urn:cts:greekLit:tlg0006.tlg018.fu.sp:916.1.text.token.4		σεσῴσμεθ’
σκῦλ’	urn:cts:greekLit:tlg0006.tlg018.fu.sp:1629.1.text.token.3		σκῦλ’
σπεῦδ’	urn:cts:greekLit:tlg0006.tlg018.fu.sp:672.1.text.token.1		σπεῦδ’
στενόπορ’	urn:cts:greekLit:tlg0006.tlg018.fu.sp:81.1.text.token.3		στενόπορ’
στράτευμ’	urn:cts:greekLit:tlg0006.tlg018.fu.sp:328.1.text.token.8		στράτευμ’
στράτευμ’	urn:cts:greekLit:tlg0006.tlg018.fu.sp:914.1.text.token.2		στράτευμ’
στάντ’	urn:cts:greekLit:tlg0006.tlg018.fu.sp:528.1.text.token.5		στάντ’
στέρν’	urn:cts:greekLit:tlg0006.tlg018.fu.sp:635.1.text.token.7		στέρν’
συνεπαείδετ’	urn:cts:greekLit:tlg0006.tlg018.fu.sp:1492.1.text.token.1		συνεπαείδετ’
σήμαιν’	urn:cts:greekLit:tlg0006.tlg018.fu.sp:117.1.text.token.3		σήμαιν’
σήμαιν’	urn:cts:greekLit:tlg0006.tlg018.fu.sp:127.1.text.token.5		σήμαιν’
σήμαντρ’	urn:cts:greekLit:tlg0006.tlg018.fu.sp:325.1.text.token.9		σήμαντρ’
σώφρον’	urn:cts:greekLit:tlg0006.tlg018.fu.sp:1024.1.text.token.2		σώφρον’
σῆμ’	urn:cts:greekLit:tlg0006.tlg018.fu.sp:241.1.text.token.2		σῆμ’
σῴσαθ’	urn:cts:greekLit:tlg0006.tlg018.fu.sp:864.1.text.token.7		σῴσαθ’
σῶμ’	urn:cts:greekLit:tlg0006.tlg018.fu.sp:940.1.text.token.8		σῶμ’
σῶμ’	urn:cts:greekLit:tlg0006.tlg018.fu.sp:1417.1.text.token.6		σῶμ’
σ’	urn:cts:greekLit:tlg0006.tlg018.fu.sp:29.1.text.token.4	σε	σε
σ’	urn:cts:greekLit:tlg0006.tlg018.fu.sp:303.1.text.token.7	σε	σε
σ’	urn:cts:greekLit:tlg0006.tlg018.fu.sp:326.1.text.token.2	σε	σε
σ’	urn:cts:greekLit:tlg0006.tlg018.fu.sp:335.1.text.token.3	σε	σε
σ’	urn:cts:greekLit:tlg0006.tlg018.fu.sp:357.1.text.token.4	σε	σε
σ’	urn:cts:greekLit:tlg0006.tlg018.fu.sp:378.1.text.token.2	σε	σε
σ’	urn:cts:greekLit:tlg0006.tlg018.fu.sp:477.1.text.token.2	σε	σε
σ’	urn:cts:greekLit:tlg0006.tlg018.fu.sp:581.1.text.token.2	σε	σε
σ’	urn:cts:greekLit:tlg0006.tlg018.fu.sp:631.1.text.token.5	σε	σε
σ’	urn:cts:greekLit:tlg0006.tlg018.fu.sp:640.1.text.token.5	σε	σε
σ’	urn:cts:greekLit:tlg0006.tlg018.fu.sp:642.1.text.token.8	σε	σε
σ’	urn:cts:greekLit:tlg0006.tlg018.fu.sp:649.1.text.token.4	σε	σε
σ’	urn:cts:greekLit:tlg0006.tlg018.fu.sp:735.1.text.token.5	σε	σε
σ’	urn:cts:greekLit:tlg0006.tlg018.fu.sp:823.1.text.token.3	σε	σε
σ’	urn:cts:greekLit:tlg0006.tlg018.fu.sp:851.1.text.token.7	σε	σε
σ’	urn:cts:greekLit:tlg0006.tlg018.fu.sp:868.1.text.token.2	σε	σε
σ’	urn:cts:greekLit:tlg0006.tlg018.fu.sp:910.1.text.token.9	σε	σε
σ’	urn:cts:greekLit:tlg0006.tlg018.fu.sp:977.2.text.token.3	σε	σε
σ’	urn:cts:greekLit:tlg0006.tlg018.fu.sp:1026.1.text.token.2	σε	σε
σ’	urn:cts:greekLit:tlg0006.tlg018.fu.sp:1029.1.text.token.3	σε	σε
σ’	urn:cts:greekLit:tlg0006.tlg018.fu.sp:1106.1.text.token.6	σε	σε
σ’	urn:cts:greekLit:tlg0006.tlg018.fu.sp:1130.1.text.token.4	σε	σε
σ’	urn:cts:greekLit:tlg0006.tlg018.fu.sp:1155.1.text.token.5	σε	σε
σ’	urn:cts:greekLit:tlg0006.tlg018.fu.sp:1160.1.text.token.5	σε	σε
σ’	urn:cts:greekLit:tlg0006.tlg018.fu.sp:1166.1.text.token.3	σε	σε
σ’	urn:cts:greekLit:tlg0006.tlg018.fu.sp:1177.1.text.token.2	σε	σε
σ’	urn:cts:greekLit:tlg0006.tlg018.fu.sp:1181.1.text.token.3	σε	σε
σ’	urn:cts:greekLit:tlg0006.tlg018.fu.sp:1193.1.text.token.2	σε	σε
σ’	urn:cts:greekLit:tlg0006.tlg018.fu.sp:1220.1.text.token.2	σε	σε
σ’	urn:cts:greekLit:tlg0006.tlg018.fu.sp:1223.1.text.token.10	σε	σε
σ’	urn:cts:greekLit:tlg0006.tlg018.fu.sp:1245.1.text.token.4	σε	σε
σ’	urn:cts:greekLit:tlg0006.tlg018.fu.sp:1247.1.text.token.5	σε	σε
σ’	urn:cts:greekLit:tlg0006.tlg018.fu.sp:1369.1.text.token.7	σε	σε
σ’	urn:cts:greekLit:tlg0006.tlg018.fu.sp:1412.1.text.token.7	σε	σε
σ’	urn:cts:greekLit:tlg0006.tlg018.fu.sp:1427.1.text.token.4	σε	σε
σ’	urn:cts:greekLit:tlg0006.tlg018.fu.sp:1430.1.text.token.3	σε	σε
ταισίδ’	urn:cts:greekLit:tlg0006.tlg018.fu.sp:813.1.text.token.4		ταισίδ’
ταῖσδ’	urn:cts:greekLit:tlg0006.tlg018.fu.sp:242.1.text.token.4		ταῖσδ’
ταῖσδ’	urn:cts:greekLit:tlg0006.tlg018.fu.sp:862.1.text.token.5		ταῖσδ’
ταῦτ’	urn:cts:greekLit:tlg0006.tlg018.fu.sp:94.1.text.token.4	ταῦτα	ταῦτα
ταῦτ’	urn:cts:greekLit:tlg0006.tlg018.fu.sp:28.1.text.token.3	ταῦτα	ταῦτα
ταῦτ’	urn:cts:greekLit:tlg0006.tlg018.fu.sp:309.1.text.token.3	ταῦτα	ταῦτα
ταῦτ’	urn:cts:greekLit:tlg0006.tlg018.fu.sp:1194.1.text.token.1	ταῦτα	ταῦτα
ταῦτ’	urn:cts:greekLit:tlg0006.tlg018.fu.sp:1613.1.text.token.4	ταῦτα	ταῦτα
τιν’	urn:cts:greekLit:tlg0006.tlg018.fu.sp:609.1.text.token.4	τινα	τινα
τιν’	urn:cts:greekLit:tlg0006.tlg018.fu.sp:673.1.text.token.6	τινα	τινα
τιν’	urn:cts:greekLit:tlg0006.tlg018.fu.sp:1536.1.text.token.3	τινα	τινα
τοιοίδ’	urn:cts:greekLit:tlg0006.tlg018.fu.sp:922.1.text.token.4		τοιοίδ’
τοισίδ’	urn:cts:greekLit:tlg0006.tlg018.fu.sp:435.1.text.token.5		τοισίδ’
τοιάδ’	urn:cts:greekLit:tlg0006.tlg018.fu.sp:671.1.text.token.5		τοιάδ’
τοιάδ’	urn:cts:greekLit:tlg0006.tlg018.fu.sp:1552.1.text.token.2		τοιάδ’
τοσαῦτ’	urn:cts:greekLit:tlg0006.tlg018.fu.sp:1561.1.text.token.1		τοσαῦτ’
τοὐπ’	urn:cts:greekLit:tlg0006.tlg018.fu.sp:1557.1.text.token.2		τοὐπ’
τοὔνομ’	urn:cts:greekLit:tlg0006.tlg018.fu.sp:954.1.text.token.3		τοὔνομ’
τούσδ’	urn:cts:greekLit:tlg0006.tlg018.fu.sp:1321.1.text.token.1		τούσδ’
τούσδ’	urn:cts:greekLit:tlg0006.tlg018.fu.sp:1381.1.text.token.4		τούσδ’
τούσδ’	urn:cts:greekLit:tlg0006.tlg018.fu.sp:1620.1.text.token.1		τούσδ’
τοῖσδ’	urn:cts:greekLit:tlg0006.tlg018.fu.sp:262.1.text.token.3		τοῖσδ’
τοῖσδ’	urn:cts:greekLit:tlg0006.tlg018.fu.sp:1348.2.text.token.3		τοῖσδ’
τοῦδ’	urn:cts:greekLit:tlg0006.tlg018.fu.sp:978.1.text.token.3	τοῦδε	τοῦδε
τοῦδ’	urn:cts:greekLit:tlg0006.tlg018.fu.sp:1104.1.text.token.2	τοῦδε	τοῦδε
τοῦδ’	urn:cts:greekLit:tlg0006.tlg018.fu.sp:1367.2.text.token.2	τοῦδε	τοῦδε
τοῦδ’	urn:cts:greekLit:tlg0006.tlg018.fu.sp:1591.1.text.token.2	τοῦδε	τοῦδε
τοῦθ’	urn:cts:greekLit:tlg0006.tlg018.fu.sp:1372.1.text.token.4	τοῦτο	τοῦτο
τοῦτ’	urn:cts:greekLit:tlg0006.tlg018.fu.sp:516.1.text.token.2	τοῦτο	τοῦτο
τοῦτ’	urn:cts:greekLit:tlg0006.tlg018.fu.sp:1010.1.text.token.2	τοῦτο	τοῦτο
τοῦτ’	urn:cts:greekLit:tlg0006.tlg018.fu.sp:1138.2.text.token.1	τοῦτο	τοῦτο
τοῦτ’	urn:cts:greekLit:tlg0006.tlg018.fu.sp:1148.1.text.token.7	τοῦτο	τοῦτο
τοῦτ’	urn:cts:greekLit:tlg0006.tlg018.fu.sp:1421.1.text.token.8	τοῦτο	τοῦτο
τοῦτ’	urn:cts:greekLit:tlg0006.tlg018.fu.sp:1596.1.text.token.3	τοῦτο	τοῦτο
τραφέντ’	urn:cts:greekLit:tlg0006.tlg018.fu.sp:1292.1.text.token.3		τραφέντ’
τἀπ’	urn:cts:greekLit:tlg0006.tlg018.fu.sp:1214.1.text.token.8		τἀπ’
τἀπ’	urn:cts:greekLit:tlg0006.tlg018.fu.sp:1425.1.text.token.6		τἀπ’
τἄμ’	urn:cts:greekLit:tlg0006.tlg018.fu.sp:401.1.text.token.8		τἄμ’
τἄρ’	urn:cts:greekLit:tlg0006.tlg018.fu.sp:1189.1.text.token.2	τἄρα	τἄρα
τάδ’	urn:cts:greekLit:tlg0006.tlg018.fu.sp:365.1.text.token.6	τάδε	τάδε
τάδ’	urn:cts:greekLit:tlg0006.tlg018.fu.sp:692.1.text.token.3	τάδε	τάδε
τάδ’	urn:cts:greekLit:tlg0006.tlg018.fu.sp:789.1.text.token.2	τάδε	τάδε
τάδ’	urn:cts:greekLit:tlg0006.tlg018.fu.sp:799.1.text.token.2	τάδε	τάδε
τάδ’	urn:cts:greekLit:tlg0006.tlg018.fu.sp:890.1.text.token.3	τάδε	τάδε
τάδ’	urn:cts:greekLit:tlg0006.tlg018.fu.sp:993.1.text.token.3	τάδε	τάδε
τάδ’	urn:cts:greekLit:tlg0006.tlg018.fu.sp:1033.1.text.token.2	τάδε	τάδε
τάδ’	urn:cts:greekLit:tlg0006.tlg018.fu.sp:1210.1.text.token.5	τάδε	τάδε
τάδ’	urn:cts:greekLit:tlg0006.tlg018.fu.sp:1416.1.text.token.2	τάδε	τάδε
τάδ’	urn:cts:greekLit:tlg0006.tlg018.fu.sp:1426.1.text.token.2	τάδε	τάδε
τάλαιν’	urn:cts:greekLit:tlg0006.tlg018.fu.sp:876.1.text.token.2		τάλαιν’
τάλαιν’	urn:cts:greekLit:tlg0006.tlg018.fu.sp:880.1.text.token.3		τάλαιν’
τάσδ’	urn:cts:greekLit:tlg0006.tlg018.fu.sp:111.1.text.token.5		τάσδ’
τάχ’	urn:cts:greekLit:tlg0006.tlg018.fu.sp:311.1.text.token.2		τάχ’
τάχ’	urn:cts:greekLit:tlg0006.tlg018.fu.sp:970.1.text.token.1		τάχ’
τήνδ’	urn:cts:greekLit:tlg0006.tlg018.fu.sp:36.1.text.token.1		τήνδ’
τήνδ’	urn:cts:greekLit:tlg0006.tlg018.fu.sp:309.1.text.token.7		τήνδ’
τήνδ’	urn:cts:greekLit:tlg0006.tlg018.fu.sp:322.1.text.token.1		τήνδ’
τίν’	urn:cts:greekLit:tlg0006.tlg018.fu.sp:884.1.text.token.4	τίνα	τίνα
τίν’	urn:cts:greekLit:tlg0006.tlg018.fu.sp:1036.1.text.token.1	τίνα	τίνα
τίν’	urn:cts:greekLit:tlg0006.tlg018.fu.sp:1124.2.text.token.1	τίνα	τίνα
τίν’	urn:cts:greekLit:tlg0006.tlg018.fu.sp:1138.1.text.token.1	τίνα	τίνα
τίν’	urn:cts:greekLit:tlg0006.tlg018.fu.sp:1173.1.text.token.1	τίνα	τίνα
τίν’	urn:cts:greekLit:tlg0006.tlg018.fu.sp:1349.2.text.token.1	τίνα	τίνα
τόδ’	urn:cts:greekLit:tlg0006.tlg018.fu.sp:91.1.text.token.4		τόδ’
τόδ’	urn:cts:greekLit:tlg0006.tlg018.fu.sp:439.1.text.token.3		τόδ’
τόδ’	urn:cts:greekLit:tlg0006.tlg018.fu.sp:641.1.text.token.6		τόδ’
τόδ’	urn:cts:greekLit:tlg0006.tlg018.fu.sp:839.1.text.token.2		τόδ’
τόδ’	urn:cts:greekLit:tlg0006.tlg018.fu.sp:853.1.text.token.3		τόδ’
τόδ’	urn:cts:greekLit:tlg0006.tlg018.fu.sp:1199.1.text.token.5		τόδ’
τόδ’	urn:cts:greekLit:tlg0006.tlg018.fu.sp:1250.1.text.token.3		τόδ’
τόδ’	urn:cts:greekLit:tlg0006.tlg018.fu.sp:1407.1.text.token.3		τόδ’
τόδ’	urn:cts:greekLit:tlg0006.tlg018.fu.sp:1439.1.text.token.3		τόδ’
τόδ’	urn:cts:greekLit:tlg0006.tlg018.fu.sp:1563.1.text.token.8		τόδ’
τόδ’	urn:cts:greekLit:tlg0006.tlg018.fu.sp:1572.1.text.token.4		τόδ’
τόνδ’	urn:cts:greekLit:tlg0006.tlg018.fu.sp:607.1.text.token.3	τόνδε	τόνδε
τόνδ’	urn:cts:greekLit:tlg0006.tlg018.fu.sp:1165.1.text.token.1	τόνδε	τόνδε
τόνδ’	urn:cts:greekLit:tlg0006.tlg018.fu.sp:1341.2.text.token.2	τόνδε	τόνδε
τόξ’	urn:cts:greekLit:tlg0006.tlg018.fu.sp:549.1.text.token.1		τόξ’
τότ’	urn:cts:greekLit:tlg0006.tlg018.fu.sp:108.1.text.token.3		τότ’
τότ’	urn:cts:greekLit:tlg0006.tlg018.fu.sp:893.1.text.token.11		τότ’
τᾶσδ’	urn:cts:greekLit:tlg0006.tlg018.fu.sp:1496.1.text.token.5		τᾶσδ’
τῆσδ’	urn:cts:greekLit:tlg0006.tlg018.fu.sp:1137.1.text.token.4	τῆσδε	τῆσδε
τῆσδ’	urn:cts:greekLit:tlg0006.tlg018.fu.sp:1174.1.text.token.3	τῆσδε	τῆσδε
τῶνδ’	urn:cts:greekLit:tlg0006.tlg018.fu.sp:895.1.text.token.7		τῶνδ’
τῷδ’	urn:cts:greekLit:tlg0006.tlg018.fu.sp:319.1.text.token.4	τῷδε	τῷδε
τῷδ’	urn:cts:greekLit:tlg0006.tlg018.fu.sp:639.1.text.token.3	τῷδε	τῷδε
τῷδ’	urn:cts:greekLit:tlg0006.tlg018.fu.sp:858.1.text.token.5	τῷδε	τῷδε
τῷδ’	urn:cts:greekLit:tlg0006.tlg018.fu.sp:966.1.text.token.2	τῷδε	τῷδε
τ’	urn:cts:greekLit:tlg0006.tlg018.fu.sp:50.1.text.token.3	τε	τε
τ’	urn:cts:greekLit:tlg0006.tlg018.fu.sp:63.1.text.token.3	τε	τε
τ’	urn:cts:greekLit:tlg0006.tlg018.fu.sp:83.1.text.token.5	τε	τε
τ’	urn:cts:greekLit:tlg0006.tlg018.fu.sp:92.1.text.token.3	τε	τε
τ’	urn:cts:greekLit:tlg0006.tlg018.fu.sp:101.1.text.token.2	τε	τε
τ’	urn:cts:greekLit:tlg0006.tlg018.fu.sp:102.1.text.token.2	τε	τε
τ’	urn:cts:greekLit:tlg0006.tlg018.fu.sp:114.1.text.token.6	τε	τε
τ’	urn:cts:greekLit:tlg0006.tlg018.fu.sp:38.1.text.token.4	τε	τε
τ’	urn:cts:greekLit:tlg0006.tlg018.fu.sp:126.1.text.token.3	τε	τε
τ’	urn:cts:greekLit:tlg0006.tlg018.fu.sp:154.1.text.token.7	τε	τε
τ’	urn:cts:greekLit:tlg0006.tlg018.fu.sp:177.1.text.token.3	τε	τε
τ’	urn:cts:greekLit:tlg0006.tlg018.fu.sp:183.1.text.token.3	τε	τε
τ’	urn:cts:greekLit:tlg0006.tlg018.fu.sp:191.1.text.token.2	τε	τε
τ’	urn:cts:greekLit:tlg0006.tlg018.fu.sp:195.1.text.token.1	τε	τε
τ’	urn:cts:greekLit:tlg0006.tlg018.fu.sp:203.1.text.token.4	τε	τε
τ’	urn:cts:greekLit:tlg0006.tlg018.fu.sp:319.1.text.token.12	τε	τε
τ’	urn:cts:greekLit:tlg0006.tlg018.fu.sp:354.1.text.token.6	τε	τε
τ’	urn:cts:greekLit:tlg0006.tlg018.fu.sp:414.1.text.token.2	τε	τε
τ’	urn:cts:greekLit:tlg0006.tlg018.fu.sp:422.1.text.token.4	τε	τε
τ’	urn:cts:greekLit:tlg0006.tlg018.fu.sp:448.1.text.token.2	τε	τε
τ’	urn:cts:greekLit:tlg0006.tlg018.fu.sp:450.1.text.token.5	τε	τε
τ’	urn:cts:greekLit:tlg0006.tlg018.fu.sp:474.1.text.token.3	τε	τε
τ’	urn:cts:greekLit:tlg0006.tlg018.fu.sp:474.1.text.token.8	τε	τε
τ’	urn:cts:greekLit:tlg0006.tlg018.fu.sp:489.1.text.token.3	τε	τε
τ’	urn:cts:greekLit:tlg0006.tlg018.fu.sp:507.1.text.token.6	τε	τε
τ’	urn:cts:greekLit:tlg0006.tlg018.fu.sp:508.1.text.token.5	τε	τε
τ’	urn:cts:greekLit:tlg0006.tlg018.fu.sp:526.1.text.token.5	τε	τε
τ’	urn:cts:greekLit:tlg0006.tlg018.fu.sp:564.1.text.token.2	τε	τε
τ’	urn:cts:greekLit:tlg0006.tlg018.fu.sp:585.1.text.token.2	τε	τε
τ’	urn:cts:greekLit:tlg0006.tlg018.fu.sp:588.1.text.token.5	τε	τε
τ’	urn:cts:greekLit:tlg0006.tlg018.fu.sp:595.1.text.token.2	τε	τε
τ’	urn:cts:greekLit:tlg0006.tlg018.fu.sp:596.1.text.token.6	τε	τε
τ’	urn:cts:greekLit:tlg0006.tlg018.fu.sp:648.1.text.token.5	τε	τε
τ’	urn:cts:greekLit:tlg0006.tlg018.fu.sp:666.2.text.token.6	τε	τε
τ’	urn:cts:greekLit:tlg0006.tlg018.fu.sp:831.1.text.token.8	τε	τε
τ’	urn:cts:greekLit:tlg0006.tlg018.fu.sp:888.1.text.token.5	τε	τε
τ’	urn:cts:greekLit:tlg0006.tlg018.fu.sp:903.1.text.token.9	τε	τε
τ’	urn:cts:greekLit:tlg0006.tlg018.fu.sp:920.1.text.token.5	τε	τε
τ’	urn:cts:greekLit:tlg0006.tlg018.fu.sp:930.1.text.token.5	τε	τε
τ’	urn:cts:greekLit:tlg0006.tlg018.fu.sp:955.1.text.token.5	τε	τε
τ’	urn:cts:greekLit:tlg0006.tlg018.fu.sp:975.1.text.token.8	τε	τε
τ’	urn:cts:greekLit:tlg0006.tlg018.fu.sp:1003.1.text.token.2	τε	τε
τ’	urn:cts:greekLit:tlg0006.tlg018.fu.sp:1019.1.text.token.2	τε	τε
τ’	urn:cts:greekLit:tlg0006.tlg018.fu.sp:1020.1.text.token.2	τε	τε
τ’	urn:cts:greekLit:tlg0006.tlg018.fu.sp:1023.1.text.token.3	τε	τε
τ’	urn:cts:greekLit:tlg0006.tlg018.fu.sp:1045.1.text.token.5	τε	τε
τ’	urn:cts:greekLit:tlg0006.tlg018.fu.sp:1131.1.text.token.6	τε	τε
τ’	urn:cts:greekLit:tlg0006.tlg018.fu.sp:1136.1.text.token.7	τε	τε
τ’	urn:cts:greekLit:tlg0006.tlg018.fu.sp:1159.1.text.token.2	τε	τε
τ’	urn:cts:greekLit:tlg0006.tlg018.fu.sp:1161.1.text.token.3	τε	τε
τ’	urn:cts:greekLit:tlg0006.tlg018.fu.sp:1255.1.text.token.3	τε	τε
τ’	urn:cts:greekLit:tlg0006.tlg018.fu.sp:1256.1.text.token.2	τε	τε
τ’	urn:cts:greekLit:tlg0006.tlg018.fu.sp:1284.1.text.token.5	τε	τε
τ’	urn:cts:greekLit:tlg0006.tlg018.fu.sp:1296.1.text.token.2	τε	τε
τ’	urn:cts:greekLit:tlg0006.tlg018.fu.sp:1413.1.text.token.2	τε	τε
τ’	urn:cts:greekLit:tlg0006.tlg018.fu.sp:1413.1.text.token.7	τε	τε
τ’	urn:cts:greekLit:tlg0006.tlg018.fu.sp:1446.1.text.token.5	τε	τε
τ’	urn:cts:greekLit:tlg0006.tlg018.fu.sp:1450.1.text.token.5	τε	τε
τ’	urn:cts:greekLit:tlg0006.tlg018.fu.sp:1457.1.text.token.6	τε	τε
τ’	urn:cts:greekLit:tlg0006.tlg018.fu.sp:1499.1.text.token.2	τε	τε
τ’	urn:cts:greekLit:tlg0006.tlg018.fu.sp:1519.1.text.token.2	τε	τε
τ’	urn:cts:greekLit:tlg0006.tlg018.fu.sp:1544.1.text.token.4	τε	τε
τ’	urn:cts:greekLit:tlg0006.tlg018.fu.sp:1558.1.text.token.4	τε	τε
τ’	urn:cts:greekLit:tlg0006.tlg018.fu.sp:1567.1.text.token.5	τε	τε
τ’	urn:cts:greekLit:tlg0006.tlg018.fu.sp:1573.1.text.token.2	τε	τε
τ’	urn:cts:greekLit:tlg0006.tlg018.fu.sp:1577.1.text.token.7	τε	τε
τ’	urn:cts:greekLit:tlg0006.tlg018.fu.sp:1579.1.text.token.2	τε	τε
τ’	urn:cts:greekLit:tlg0006.tlg018.fu.sp:1580.1.text.token.3	τε	τε
τ’	urn:cts:greekLit:tlg0006.tlg018.fu.sp:1597.1.text.token.4	τε	τε
φατισθεῖσ’	urn:cts:greekLit:tlg0006.tlg018.fu.sp:936.1.text.token.2		φατισθεῖσ’
φαῦλ’	urn:cts:greekLit:tlg0006.tlg018.fu.sp:734.1.text.token.6		φαῦλ’
φράζ’	urn:cts:greekLit:tlg0006.tlg018.fu.sp:861.1.text.token.3		φράζ’
φράζ’	urn:cts:greekLit:tlg0006.tlg018.fu.sp:1539.1.text.token.6		φράζ’
φάσμ’	urn:cts:greekLit:tlg0006.tlg018.fu.sp:1586.1.text.token.1		φάσμ’
φέρουσ’	urn:cts:greekLit:tlg0006.tlg018.fu.sp:562.1.text.token.2		φέρουσ’
φίλτατ’	urn:cts:greekLit:tlg0006.tlg018.fu.sp:652.1.text.token.11		φίλτατ’
φίλτατ’	urn:cts:greekLit:tlg0006.tlg018.fu.sp:1452.1.text.token.2		φίλτατ’
φύλασσ’	urn:cts:greekLit:tlg0006.tlg018.fu.sp:155.1.text.token.2		φύλασσ’
χαίρουσ’	urn:cts:greekLit:tlg0006.tlg018.fu.sp:885.1.text.token.3		χαίρουσ’
χαῖρ’	urn:cts:greekLit:tlg0006.tlg018.fu.sp:642.1.text.token.1	χαῖρε	χαῖρε
χαῖρ’	urn:cts:greekLit:tlg0006.tlg018.fu.sp:851.1.text.token.1	χαῖρε	χαῖρε
χεῖρ’	urn:cts:greekLit:tlg0006.tlg018.fu.sp:916.1.text.token.1		χεῖρ’
χεῖρ’	urn:cts:greekLit:tlg0006.tlg018.fu.sp:951.1.text.token.4		χεῖρ’
χρησόμεσθ’	urn:cts:greekLit:tlg0006.tlg018.fu.sp:1147.1.text.token.3		χρησόμεσθ’
χέρ’	urn:cts:greekLit:tlg0006.tlg018.fu.sp:1027.1.text.token.4		χέρ’
ἀδύναθ’	urn:cts:greekLit:tlg0006.tlg018.fu.sp:1370.1.text.token.6		ἀδύναθ’
ἀκούσασ’	urn:cts:greekLit:tlg0006.tlg018.fu.sp:820.1.text.token.3		ἀκούσασ’
ἀκούσασ’	urn:cts:greekLit:tlg0006.tlg018.fu.sp:1005.1.text.token.4		ἀκούσασ’
ἀκούσασ’	urn:cts:greekLit:tlg0006.tlg018.fu.sp:1102.1.text.token.2		ἀκούσασ’
ἀκούσασ’	urn:cts:greekLit:tlg0006.tlg018.fu.sp:1613.1.text.token.5		ἀκούσασ’
ἀλλ’	urn:cts:greekLit:tlg0006.tlg018.fu.sp:111.1.text.token.2	ἀλλά	ἀλλά
ἀλλ’	urn:cts:greekLit:tlg0006.tlg018.fu.sp:139.1.text.token.1	ἀλλά	ἀλλά
ἀλλ’	urn:cts:greekLit:tlg0006.tlg018.fu.sp:312.1.text.token.1	ἀλλά	ἀλλά
ἀλλ’	urn:cts:greekLit:tlg0006.tlg018.fu.sp:351.1.text.token.4	ἀλλά	ἀλλά
ἀλλ’	urn:cts:greekLit:tlg0006.tlg018.fu.sp:385.1.text.token.8	ἀλλά	ἀλλά
ἀλλ’	urn:cts:greekLit:tlg0006.tlg018.fu.sp:394a.1.text.token.7	ἀλλά	ἀλλά
ἀλλ’	urn:cts:greekLit:tlg0006.tlg018.fu.sp:407.1.text.token.5	ἀλλά	ἀλλά
ἀλλ’	urn:cts:greekLit:tlg0006.tlg018.fu.sp:420.1.text.token.1	ἀλλά	ἀλλά
ἀλλ’	urn:cts:greekLit:tlg0006.tlg018.fu.sp:435.1.text.token.1	ἀλλά	ἀλλά
ἀλλ’	urn:cts:greekLit:tlg0006.tlg018.fu.sp:476.1.text.token.6	ἀλλά	ἀλλά
ἀλλ’	urn:cts:greekLit:tlg0006.tlg018.fu.sp:487.1.text.token.1	ἀλλά	ἀλλά
ἀλλ’	urn:cts:greekLit:tlg0006.tlg018.fu.sp:500.1.text.token.1	ἀλλά	ἀλλά
ἀλλ’	urn:cts:greekLit:tlg0006.tlg018.fu.sp:511.1.text.token.1	ἀλλά	ἀλλά
ἀλλ’	urn:cts:greekLit:tlg0006.tlg018.fu.sp:516.1.text.token.5	ἀλλά	ἀλλά
ἀλλ’	urn:cts:greekLit:tlg0006.tlg018.fu.sp:610.1.text.token.4	ἀλλά	ἀλλά
ἀλλ’	urn:cts:greekLit:tlg0006.tlg018.fu.sp:638.1.text.token.1	ἀλλά	ἀλλά
ἀλλ’	urn:cts:greekLit:tlg0006.tlg018.fu.sp:647.1.text.token.1	ἀλλά	ἀλλά
ἀλλ’	urn:cts:greekLit:tlg0006.tlg018.fu.sp:688.1.text.token.6	ἀλλά	ἀλλά
ἀλλ’	urn:cts:greekLit:tlg0006.tlg018.fu.sp:694.1.text.token.1	ἀλλά	ἀλλά
ἀλλ’	urn:cts:greekLit:tlg0006.tlg018.fu.sp:716.1.text.token.1	ἀλλά	ἀλλά
ἀλλ’	urn:cts:greekLit:tlg0006.tlg018.fu.sp:847.1.text.token.1	ἀλλά	ἀλλά
ἀλλ’	urn:cts:greekLit:tlg0006.tlg018.fu.sp:850.1.text.token.1	ἀλλά	ἀλλά
ἀλλ’	urn:cts:greekLit:tlg0006.tlg018.fu.sp:903.1.text.token.1	ἀλλά	ἀλλά
ἀλλ’	urn:cts:greekLit:tlg0006.tlg018.fu.sp:904.1.text.token.10	ἀλλά	ἀλλά
ἀλλ’	urn:cts:greekLit:tlg0006.tlg018.fu.sp:908.1.text.token.1	ἀλλά	ἀλλά
ἀλλ’	urn:cts:greekLit:tlg0006.tlg018.fu.sp:930.1.text.token.1	ἀλλά	ἀλλά
ἀλλ’	urn:cts:greekLit:tlg0006.tlg018.fu.sp:946.1.text.token.5	ἀλλά	ἀλλά
ἀλλ’	urn:cts:greekLit:tlg0006.tlg018.fu.sp:961.1.text.token.1	ἀλλά	ἀλλά
ἀλλ’	urn:cts:greekLit:tlg0006.tlg018.fu.sp:973.1.text.token.1	ἀλλά	ἀλλά
ἀλλ’	urn:cts:greekLit:tlg0006.tlg018.fu.sp:974.1.text.token.6	ἀλλά	ἀλλά
ἀλλ’	urn:cts:greekLit:tlg0006.tlg018.fu.sp:983.1.text.token.1	ἀλλά	ἀλλά
ἀλλ’	urn:cts:greekLit:tlg0006.tlg018.fu.sp:990.1.text.token.1	ἀλλά	ἀλλά
ἀλλ’	urn:cts:greekLit:tlg0006.tlg018.fu.sp:1013.1.text.token.1	ἀλλά	ἀλλά
ἀλλ’	urn:cts:greekLit:tlg0006.tlg018.fu.sp:1188.1.text.token.1	ἀλλά	ἀλλά
ἀλλ’	urn:cts:greekLit:tlg0006.tlg018.fu.sp:1192.1.text.token.1	ἀλλά	ἀλλά
ἀλλ’	urn:cts:greekLit:tlg0006.tlg018.fu.sp:1246.1.text.token.1	ἀλλά	ἀλλά
ἀλλ’	urn:cts:greekLit:tlg0006.tlg018.fu.sp:1271.1.text.token.1	ἀλλά	ἀλλά
ἀλλ’	urn:cts:greekLit:tlg0006.tlg018.fu.sp:1357.1.text.token.1	ἀλλά	ἀλλά
ἀλλ’	urn:cts:greekLit:tlg0006.tlg018.fu.sp:1358.1.text.token.1	ἀλλά	ἀλλά
ἀλλ’	urn:cts:greekLit:tlg0006.tlg018.fu.sp:1360.1.text.token.1	ἀλλά	ἀλλά
ἀλλ’	urn:cts:greekLit:tlg0006.tlg018.fu.sp:1365.1.text.token.1	ἀλλά	ἀλλά
ἀλλ’	urn:cts:greekLit:tlg0006.tlg018.fu.sp:1397.1.text.token.1	ἀλλά	ἀλλά
ἀλλ’	urn:cts:greekLit:tlg0006.tlg018.fu.sp:1400.1.text.token.7	ἀλλά	ἀλλά
ἀλλ’	urn:cts:greekLit:tlg0006.tlg018.fu.sp:1445.1.text.token.1	ἀλλά	ἀλλά
ἀλλ’	urn:cts:greekLit:tlg0006.tlg018.fu.sp:1540.1.text.token.1	ἀλλά	ἀλλά
ἀντ’	urn:cts:greekLit:tlg0006.tlg018.fu.sp:86.1.text.token.4		ἀντ’
ἀνάξι’	urn:cts:greekLit:tlg0006.tlg018.fu.sp:943.1.text.token.4		ἀνάξι’
ἀπολιποῦσ’	urn:cts:greekLit:tlg0006.tlg018.fu.sp:1408.1.text.token.4		ἀπολιποῦσ’
ἀπέπτυσ’	urn:cts:greekLit:tlg0006.tlg018.fu.sp:874.1.text.token.3		ἀπέπτυσ’
ἀπώλεσ’	urn:cts:greekLit:tlg0006.tlg018.fu.sp:456.1.text.token.4		ἀπώλεσ’
ἀπώλεσ’	urn:cts:greekLit:tlg0006.tlg018.fu.sp:910.1.text.token.6		ἀπώλεσ’
ἀπ’	urn:cts:greekLit:tlg0006.tlg018.fu.sp:178.1.text.token.6	ἀπό	ἀπό
ἀπ’	urn:cts:greekLit:tlg0006.tlg018.fu.sp:328.1.text.token.4	ἀπό	ἀπό
ἀπ’	urn:cts:greekLit:tlg0006.tlg018.fu.sp:477.1.text.token.3	ἀπό	ἀπό
ἀπ’	urn:cts:greekLit:tlg0006.tlg018.fu.sp:650.1.text.token.4	ἀπό	ἀπό
ἀπ’	urn:cts:greekLit:tlg0006.tlg018.fu.sp:1082.1.text.token.3	ἀπό	ἀπό
ἀπ’	urn:cts:greekLit:tlg0006.tlg018.fu.sp:1541.1.text.token.3	ἀπό	ἀπό
ἀσπαίρουσ’	urn:cts:greekLit:tlg0006.tlg018.fu.sp:1587.1.text.token.3		ἀσπαίρουσ’
ἀφείλεθ’	urn:cts:greekLit:tlg0006.tlg018.fu.sp:895.1.text.token.2		ἀφείλεθ’
ἄγ’	urn:cts:greekLit:tlg0006.tlg018.fu.sp:1171.1.text.token.1	ἄγε	ἄγε
ἄλλ’	urn:cts:greekLit:tlg0006.tlg018.fu.sp:441.1.text.token.3		ἄλλ’
ἄλλ’	urn:cts:greekLit:tlg0006.tlg018.fu.sp:1121.1.text.token.3		ἄλλ’
ἄλλ’	urn:cts:greekLit:tlg0006.tlg018.fu.sp:1135.1.text.token.2		ἄλλ’
ἄνδρ’	urn:cts:greekLit:tlg0006.tlg018.fu.sp:45.1.text.token.5		ἄνδρ’
ἄνθε’	urn:cts:greekLit:tlg0006.tlg018.fu.sp:1299.1.text.token.1		ἄνθε’
ἄπαγ’	urn:cts:greekLit:tlg0006.tlg018.fu.sp:817.1.text.token.9		ἄπαγ’
ἄρ’	urn:cts:greekLit:tlg0006.tlg018.fu.sp:6.1.text.token.3	ἄρα	ἄρα
ἄρ’	urn:cts:greekLit:tlg0006.tlg018.fu.sp:404.1.text.token.4	ἄρα	ἄρα
ἄρ’	urn:cts:greekLit:tlg0006.tlg018.fu.sp:676.1.text.token.2	ἄρα	ἄρα
ἄρ’	urn:cts:greekLit:tlg0006.tlg018.fu.sp:882.1.text.token.2	ἄρα	ἄρα
ἄρ’	urn:cts:greekLit:tlg0006.tlg018.fu.sp:944.1.text.token.4	ἄρα	ἄρα
ἄρ’	urn:cts:greekLit:tlg0006.tlg018.fu.sp:1036.1.text.token.2	ἄρα	ἄρα
ἄρ’	urn:cts:greekLit:tlg0006.tlg018.fu.sp:1103.1.text.token.3	ἄρα	ἄρα
ἄρ’	urn:cts:greekLit:tlg0006.tlg018.fu.sp:1330.1.text.token.3	ἄρα	ἄρα
ἄρ’	urn:cts:greekLit:tlg0006.tlg018.fu.sp:1353.2.text.token.2	ἄρα	ἄρα
ἄρ’	urn:cts:greekLit:tlg0006.tlg018.fu.sp:1360.2.text.token.2	ἄρα	ἄρα
ἅδ’	urn:cts:greekLit:tlg0006.tlg018.fu.sp:1320.1.text.token.3		ἅδ’
ἅμ’	urn:cts:greekLit:tlg0006.tlg018.fu.sp:457.1.text.token.6	ἅμα	ἅμα
ἅψαιτ’	urn:cts:greekLit:tlg0006.tlg018.fu.sp:57.1.text.token.1		ἅψαιτ’
ἆρ’	urn:cts:greekLit:tlg0006.tlg018.fu.sp:1228.1.text.token.3	ἆρα	ἆρα
ἆρ’	urn:cts:greekLit:tlg0006.tlg018.fu.sp:1228.1.text.token.8	ἆρα	ἆρα
ἆρ’	urn:cts:greekLit:tlg0006.tlg018.fu.sp:1362.2.text.token.1	ἆρα	ἆρα
ἆρ’	urn:cts:greekLit:tlg0006.tlg018.fu.sp:1391.1.text.token.7	ἆρα	ἆρα
Ἀγαμέμνον’	urn:cts:greekLit:tlg0006.tlg018.fu.sp:834.1.text.token.1		Ἀγαμέμνον’
ἐατέ’	urn:cts:greekLit:tlg0006.tlg018.fu.sp:671.1.text.token.1		ἐατέ’
ἐβλαστήκασ’	urn:cts:greekLit:tlg0006.tlg018.fu.sp:594.1.text.token.4		ἐβλαστήκασ’
ἐβοᾶτ’	urn:cts:greekLit:tlg0006.tlg018.fu.sp:216.1.text.token.4		ἐβοᾶτ’
ἐγένεθ’	urn:cts:greekLit:tlg0006.tlg018.fu.sp:682.1.text.token.4		ἐγένεθ’
ἐγένετ’	urn:cts:greekLit:tlg0006.tlg018.fu.sp:697.1.text.token.3		ἐγένετ’
ἐθρέψαθ’	urn:cts:greekLit:tlg0006.tlg018.fu.sp:1502.1.text.token.1		ἐθρέψαθ’
ἐκβαλόντ’	urn:cts:greekLit:tlg0006.tlg018.fu.sp:477.1.text.token.5		ἐκβαλόντ’
ἐκεῖν’	urn:cts:greekLit:tlg0006.tlg018.fu.sp:516.1.text.token.6		ἐκεῖν’
ἐκεῖν’	urn:cts:greekLit:tlg0006.tlg018.fu.sp:1392.1.text.token.2		ἐκεῖν’
ἐκεῖσ’	urn:cts:greekLit:tlg0006.tlg018.fu.sp:714.1.text.token.1		ἐκεῖσ’
ἐκπονοῦσ’	urn:cts:greekLit:tlg0006.tlg018.fu.sp:367.1.text.token.1		ἐκπονοῦσ’
ἐλθοῦσ’	urn:cts:greekLit:tlg0006.tlg018.fu.sp:457.1.text.token.1		ἐλθοῦσ’
ἐλπίδ’	urn:cts:greekLit:tlg0006.tlg018.fu.sp:987.1.text.token.3		ἐλπίδ’
ἐλέγετ’	urn:cts:greekLit:tlg0006.tlg018.fu.sp:1290.1.text.token.1		ἐλέγετ’
ἐλέγετ’	urn:cts:greekLit:tlg0006.tlg018.fu.sp:1290.1.text.token.2		ἐλέγετ’
ἐμπέπτωκ’	urn:cts:greekLit:tlg0006.tlg018.fu.sp:808.1.text.token.5		ἐμπέπτωκ’
ἐνθάδ’	urn:cts:greekLit:tlg0006.tlg018.fu.sp:147.1.text.token.3	ἐνθάδε	ἐνθάδε
ἐνθάδ’	urn:cts:greekLit:tlg0006.tlg018.fu.sp:299.1.text.token.1	ἐνθάδε	ἐνθάδε
ἐνθάδ’	urn:cts:greekLit:tlg0006.tlg018.fu.sp:727.1.text.token.3	ἐνθάδε	ἐνθάδε
ἐνθάδ’	urn:cts:greekLit:tlg0006.tlg018.fu.sp:801.1.text.token.4	ἐνθάδε	ἐνθάδε
ἐνθάδ’	urn:cts:greekLit:tlg0006.tlg018.fu.sp:930.1.text.token.2	ἐνθάδε	ἐνθάδε
ἐνταῦθ’	urn:cts:greekLit:tlg0006.tlg018.fu.sp:707.1.text.token.1		ἐνταῦθ’
ἐνταῦθ’	urn:cts:greekLit:tlg0006.tlg018.fu.sp:1214.1.text.token.1		ἐνταῦθ’
ἐνέπουσ’	urn:cts:greekLit:tlg0006.tlg018.fu.sp:177.1.text.token.1		ἐνέπουσ’
ἐξαμαρτοῦσ’	urn:cts:greekLit:tlg0006.tlg018.fu.sp:1204.1.text.token.3		ἐξαμαρτοῦσ’
ἐξεπέρασ’	urn:cts:greekLit:tlg0006.tlg018.fu.sp:18.1.text.token.2		ἐξεπέρασ’
ἐξιόντ’	urn:cts:greekLit:tlg0006.tlg018.fu.sp:1161.1.text.token.4		ἐξιόντ’
ἐπεσκοπεῖθ’	urn:cts:greekLit:tlg0006.tlg018.fu.sp:1579.1.text.token.3		ἐπεσκοπεῖθ’
ἐπευφημήσατ’	urn:cts:greekLit:tlg0006.tlg018.fu.sp:1467.1.text.token.3		ἐπευφημήσατ’
ἐπίθετ’	urn:cts:greekLit:tlg0006.tlg018.fu.sp:1017.1.text.token.5		ἐπίθετ’
ἐπᾴδουσ’	urn:cts:greekLit:tlg0006.tlg018.fu.sp:1212.1.text.token.2		ἐπᾴδουσ’
ἐπῄνεσ’	urn:cts:greekLit:tlg0006.tlg018.fu.sp:440.1.text.token.1		ἐπῄνεσ’
ἐπ’	urn:cts:greekLit:tlg0006.tlg018.fu.sp:5.1.text.token.2	ἐπί	ἐπί
ἐπ’	urn:cts:greekLit:tlg0006.tlg018.fu.sp:413.1.text.token.3	ἐπί	ἐπί
ἐπ’	urn:cts:greekLit:tlg0006.tlg018.fu.sp:414.1.text.token.3	ἐπί	ἐπί
ἐπ’	urn:cts:greekLit:tlg0006.tlg018.fu.sp:541.1.text.token.2	ἐπί	ἐπί
ἐπ’	urn:cts:greekLit:tlg0006.tlg018.fu.sp:550.1.text.token.3	ἐπί	ἐπί
ἐπ’	urn:cts:greekLit:tlg0006.tlg018.fu.sp:609.1.text.token.6	ἐπί	ἐπί
ἐπ’	urn:cts:greekLit:tlg0006.tlg018.fu.sp:807.1.text.token.2	ἐπί	ἐπί
ἐπ’	urn:cts:greekLit:tlg0006.tlg018.fu.sp:886.1.text.token.5	ἐπί	ἐπί
ἐπ’	urn:cts:greekLit:tlg0006.tlg018.fu.sp:1237.1.text.token.6	ἐπί	ἐπί
ἐπ’	urn:cts:greekLit:tlg0006.tlg018.fu.sp:1523.1.text.token.5	ἐπί	ἐπί
ἐραίνετ’	urn:cts:greekLit:tlg0006.tlg018.fu.sp:1589.1.text.token.4		ἐραίνετ’
ἐρείσασ’	urn:cts:greekLit:tlg0006.tlg018.fu.sp:1123.1.text.token.4		ἐρείσασ’
ἐρέτμ’	urn:cts:greekLit:tlg0006.tlg018.fu.sp:1388.1.text.token.3		ἐρέτμ’
ἐσθ’	urn:cts:greekLit:tlg0006.tlg018.fu.sp:727.1.text.token.6	ἐστί	ἐστί
ἐστ’	urn:cts:greekLit:tlg0006.tlg018.fu.sp:1003.1.text.token.8	ἐστί	ἐστί
ἐφύτευσ’	urn:cts:greekLit:tlg0006.tlg018.fu.sp:29.1.text.token.5		ἐφύτευσ’
ἐφ’	urn:cts:greekLit:tlg0006.tlg018.fu.sp:624.1.text.token.3	ἐπί	ἐπί
ἐφ’	urn:cts:greekLit:tlg0006.tlg018.fu.sp:1181.1.text.token.1	ἐπί	ἐπί
ἑλίσσετ’	urn:cts:greekLit:tlg0006.tlg018.fu.sp:1480.1.text.token.1		ἑλίσσετ’
ἔγειρ’	urn:cts:greekLit:tlg0006.tlg018.fu.sp:624.1.text.token.1		ἔγειρ’
ἔγωγ’	urn:cts:greekLit:tlg0006.tlg018.fu.sp:310.2.text.token.2	ἔγωγε	ἔγωγε
ἔθ’	urn:cts:greekLit:tlg0006.tlg018.fu.sp:1122.1.text.token.7		ἔθ’
ἔκειτ’	urn:cts:greekLit:tlg0006.tlg018.fu.sp:1587.1.text.token.4		ἔκειτ’
ἔκτρεφ’	urn:cts:greekLit:tlg0006.tlg018.fu.sp:1450.1.text.token.6		ἔκτρεφ’
ἔμ’	urn:cts:greekLit:tlg0006.tlg018.fu.sp:522.1.text.token.6		ἔμ’
ἔμ’	urn:cts:greekLit:tlg0006.tlg018.fu.sp:867.1.text.token.3		ἔμ’
ἔμ’	urn:cts:greekLit:tlg0006.tlg018.fu.sp:941.1.text.token.3		ἔμ’
ἔμ’	urn:cts:greekLit:tlg0006.tlg018.fu.sp:1378.1.text.token.2		ἔμ’
ἔμ’	urn:cts:greekLit:tlg0006.tlg018.fu.sp:1557.1.text.token.3		ἔμ’
ἔνδυτ’	urn:cts:greekLit:tlg0006.tlg018.fu.sp:1073.1.text.token.2		ἔνδυτ’
ἔξαγ’	urn:cts:greekLit:tlg0006.tlg018.fu.sp:998.1.text.token.5		ἔξαγ’
ἔσθ’	urn:cts:greekLit:tlg0006.tlg018.fu.sp:1453.1.text.token.1	ἔστι	ἔστι
ἔσπειρ’	urn:cts:greekLit:tlg0006.tlg018.fu.sp:90.1.text.token.4		ἔσπειρ’
ἔστ’	urn:cts:greekLit:tlg0006.tlg018.fu.sp:525.1.text.token.2	ἔστε	ἔστε
ἔστ’	urn:cts:greekLit:tlg0006.tlg018.fu.sp:956.1.text.token.8	ἔστε	ἔστε
ἔστ’	urn:cts:greekLit:tlg0006.tlg018.fu.sp:1261.1.text.token.4	ἔστε	ἔστε
ἔτ’	urn:cts:greekLit:tlg0006.tlg018.fu.sp:667.1.text.token.1	ἔτι	ἔτι
ἔτ’	urn:cts:greekLit:tlg0006.tlg018.fu.sp:816.1.text.token.1	ἔτι	ἔτι
ἔτ’	urn:cts:greekLit:tlg0006.tlg018.fu.sp:851.1.text.token.8	ἔτι	ἔτι
ἔχοιμ’	urn:cts:greekLit:tlg0006.tlg018.fu.sp:383.1.text.token.2		ἔχοιμ’
ἔχοιμ’	urn:cts:greekLit:tlg0006.tlg018.fu.sp:1391.1.text.token.8		ἔχοιμ’
ἔχοντ’	urn:cts:greekLit:tlg0006.tlg018.fu.sp:63.1.text.token.4		ἔχοντ’
ἔχουσ’	urn:cts:greekLit:tlg0006.tlg018.fu.sp:994.1.text.token.6		ἔχουσ’
ἔχ’	urn:cts:greekLit:tlg0006.tlg018.fu.sp:1133.1.text.token.1		ἔχ’
ἕνεκ’	urn:cts:greekLit:tlg0006.tlg018.fu.sp:1621.1.text.token.4		ἕνεκ’
Ἑλλάδ’	urn:cts:greekLit:tlg0006.tlg018.fu.sp:77.1.text.token.6		Ἑλλάδ’
Ἑλλάδ’	urn:cts:greekLit:tlg0006.tlg018.fu.sp:809.1.text.token.3		Ἑλλάδ’
Ἑλλάδ’	urn:cts:greekLit:tlg0006.tlg018.fu.sp:1384.1.text.token.1		Ἑλλάδ’
Ἑλλάδ’	urn:cts:greekLit:tlg0006.tlg018.fu.sp:1406.1.text.token.5		Ἑλλάδ’
Ἑλλάδ’	urn:cts:greekLit:tlg0006.tlg018.fu.sp:1420.1.text.token.5		Ἑλλάδ’
Ἕλλην’	urn:cts:greekLit:tlg0006.tlg018.fu.sp:65.1.text.token.1		Ἕλλην’
ἠθροίζεθ’	urn:cts:greekLit:tlg0006.tlg018.fu.sp:1547.1.text.token.1		ἠθροίζεθ’
ἠρνούμεθ’	urn:cts:greekLit:tlg0006.tlg018.fu.sp:966.1.text.token.7		ἠρνούμεθ’
ἡγοίμεθ’	urn:cts:greekLit:tlg0006.tlg018.fu.sp:1189.1.text.token.6		ἡγοίμεθ’
ἡνίκ’	urn:cts:greekLit:tlg0006.tlg018.fu.sp:348.1.text.token.1	ἡνίκα	ἡνίκα
ἥκιστ’	urn:cts:greekLit:tlg0006.tlg018.fu.sp:1442.1.text.token.1		ἥκιστ’
ἥμεσθ’	urn:cts:greekLit:tlg0006.tlg018.fu.sp:88.1.text.token.1		ἥμεσθ’
ἥξετ’	urn:cts:greekLit:tlg0006.tlg018.fu.sp:1002.1.text.token.6		ἥξετ’
ἦλθ’	urn:cts:greekLit:tlg0006.tlg018.fu.sp:263.1.text.token.3		ἦλθ’
ἦλθ’	urn:cts:greekLit:tlg0006.tlg018.fu.sp:1237.1.text.token.5		ἦλθ’
ἦσθ’	urn:cts:greekLit:tlg0006.tlg018.fu.sp:351.1.text.token.2		ἦσθ’
ἦσθ’	urn:cts:greekLit:tlg0006.tlg018.fu.sp:870.1.text.token.8		ἦσθ’
ἱκέτευ’	urn:cts:greekLit:tlg0006.tlg018.fu.sp:1015.1.text.token.1		ἱκέτευ’
ἴδετ’	urn:cts:greekLit:tlg0006.tlg018.fu.sp:592.1.text.token.1		ἴδετ’
ἴθ’	urn:cts:greekLit:tlg0006.tlg018.fu.sp:139.1.text.token.2	ἴτε	ἴτε
ἴθ’	urn:cts:greekLit:tlg0006.tlg018.fu.sp:685.1.text.token.1	ἴτε	ἴτε
ἵν’	urn:cts:greekLit:tlg0006.tlg018.fu.sp:320.1.text.token.5	ἵνα	ἵνα
ἵν’	urn:cts:greekLit:tlg0006.tlg018.fu.sp:459.1.text.token.3	ἵνα	ἵνα
ἵν’	urn:cts:greekLit:tlg0006.tlg018.fu.sp:667.1.text.token.7	ἵνα	ἵνα
ἵν’	urn:cts:greekLit:tlg0006.tlg018.fu.sp:705.1.text.token.2	ἵνα	ἵνα
ἵν’	urn:cts:greekLit:tlg0006.tlg018.fu.sp:709.1.text.token.3	ἵνα	ἵνα
ἵν’	urn:cts:greekLit:tlg0006.tlg018.fu.sp:757.1.text.token.3	ἵνα	ἵνα
ἵν’	urn:cts:greekLit:tlg0006.tlg018.fu.sp:885.1.text.token.1	ἵνα	ἵνα
ἵν’	urn:cts:greekLit:tlg0006.tlg018.fu.sp:924.1.text.token.4	ἵνα	ἵνα
ἵν’	urn:cts:greekLit:tlg0006.tlg018.fu.sp:1107.1.text.token.3	ἵνα	ἵνα
ἵν’	urn:cts:greekLit:tlg0006.tlg018.fu.sp:1193.1.text.token.4	ἵνα	ἵνα
ἵν’	urn:cts:greekLit:tlg0006.tlg018.fu.sp:1239.1.text.token.1	ἵνα	ἵνα
ἵν’	urn:cts:greekLit:tlg0006.tlg018.fu.sp:1545.1.text.token.1	ἵνα	ἵνα
ὀλίγ’	urn:cts:greekLit:tlg0006.tlg018.fu.sp:957.1.text.token.2		ὀλίγ’
ὀρθωθέντ’	urn:cts:greekLit:tlg0006.tlg018.fu.sp:24.1.text.token.6		ὀρθωθέντ’
ὁρᾶθ’	urn:cts:greekLit:tlg0006.tlg018.fu.sp:1259.1.text.token.1		ὁρᾶθ’
ὄμματ’	urn:cts:greekLit:tlg0006.tlg018.fu.sp:888.1.text.token.6		ὄμματ’
ὄμμ’	urn:cts:greekLit:tlg0006.tlg018.fu.sp:381.1.text.token.8		ὄμμ’
ὄμμ’	urn:cts:greekLit:tlg0006.tlg018.fu.sp:994.1.text.token.5		ὄμμ’
ὄνομ’	urn:cts:greekLit:tlg0006.tlg018.fu.sp:128.1.text.token.1		ὄνομ’
ὄνομ’	urn:cts:greekLit:tlg0006.tlg018.fu.sp:962.1.text.token.6		ὄνομ’
ὄντ’	urn:cts:greekLit:tlg0006.tlg018.fu.sp:380.1.text.token.3		ὄντ’
ὄντ’	urn:cts:greekLit:tlg0006.tlg018.fu.sp:868.1.text.token.3		ὄντ’
ὅδ’	urn:cts:greekLit:tlg0006.tlg018.fu.sp:72.1.text.token.2		ὅδ’
ὅδ’	urn:cts:greekLit:tlg0006.tlg018.fu.sp:315.1.text.token.2		ὅδ’
ὅδ’	urn:cts:greekLit:tlg0006.tlg018.fu.sp:1139.1.text.token.3		ὅδ’
ὅδ’	urn:cts:greekLit:tlg0006.tlg018.fu.sp:1223.1.text.token.7		ὅδ’
ὅδ’	urn:cts:greekLit:tlg0006.tlg018.fu.sp:1226.1.text.token.3		ὅδ’
ὅδ’	urn:cts:greekLit:tlg0006.tlg018.fu.sp:1245.1.text.token.5		ὅδ’
ὅτ’	urn:cts:greekLit:tlg0006.tlg018.fu.sp:182.1.text.token.1		ὅτ’
ὅτ’	urn:cts:greekLit:tlg0006.tlg018.fu.sp:337.1.text.token.3		ὅτ’
ὅτ’	urn:cts:greekLit:tlg0006.tlg018.fu.sp:797.1.text.token.2		ὅτ’
ὅτ’	urn:cts:greekLit:tlg0006.tlg018.fu.sp:1040.1.text.token.1		ὅτ’
ὑπολάβοιμ’	urn:cts:greekLit:tlg0006.tlg018.fu.sp:523.1.text.token.7		ὑπολάβοιμ’
ὕβρισ’	urn:cts:greekLit:tlg0006.tlg018.fu.sp:961.1.text.token.5		ὕβρισ’
ὠδίνουσ’	urn:cts:greekLit:tlg0006.tlg018.fu.sp:1234.1.text.token.7		ὠδίνουσ’
ὤφελ’	urn:cts:greekLit:tlg0006.tlg018.fu.sp:86.1.text.token.3		ὤφελ’
ὤφελ’	urn:cts:greekLit:tlg0006.tlg018.fu.sp:663.1.text.token.4		ὤφελ’
ὥσθ’	urn:cts:greekLit:tlg0006.tlg018.fu.sp:918.1.text.token.4		ὥσθ’
ὥσθ’	urn:cts:greekLit:tlg0006.tlg018.fu.sp:1212.1.text.token.4		ὥσθ’
ὥστ’	urn:cts:greekLit:tlg0006.tlg018.fu.sp:1434.1.text.token.4	ὥστε	ὥστε
ὧδ’	urn:cts:greekLit:tlg0006.tlg018.fu.sp:691.1.text.token.2		ὧδ’
ὧδ’	urn:cts:greekLit:tlg0006.tlg018.fu.sp:871.1.text.token.1		ὧδ’
ᾔσθετ’	urn:cts:greekLit:tlg0006.tlg018.fu.sp:1582.1.text.token.6		ᾔσθετ’
ᾖξ’	urn:cts:greekLit:tlg0006.tlg018.fu.sp:742.1.text.token.4		ᾖξ’
ᾤκτισ’	urn:cts:greekLit:tlg0006.tlg018.fu.sp:462.1.text.token.2		ᾤκτισ’
ᾤχετ’	urn:cts:greekLit:tlg0006.tlg018.fu.sp:75.1.text.token.3		ᾤχετ’
ῥοδόεντ’	urn:cts:greekLit:tlg0006.tlg018.fu.sp:1297.1.text.token.3		ῥοδόεντ’
’γὼ	urn:cts:greekLit:tlg0006.tlg018.fu.sp:396.1.text.token.5	ἐγώ	ἐγώ
’γὼ	urn:cts:greekLit:tlg0006.tlg018.fu.sp:1277.1.text.token.2	ἐγώ	ἐγώ
’γὼ	urn:cts:greekLit:tlg0006.tlg018.fu.sp:1396.1.text.token.3	ἐγώ	ἐγώ
’γώ	urn:cts:greekLit:tlg0006.tlg018.fu.sp:1279.1.text.token.2	ἐγώ	ἐγώ
’μοὶ	urn:cts:greekLit:tlg0006.tlg018.fu.sp:499.1.text.token.2		’μοί
’μὲ	urn:cts:greekLit:tlg0006.tlg018.fu.sp:677.1.text.token.5		’μέ
’μὲ	urn:cts:greekLit:tlg0006.tlg018.fu.sp:1167.1.text.token.7		’μέ
’μὲ	urn:cts:greekLit:tlg0006.tlg018.fu.sp:1435.1.text.token.3		’μέ
’πιοῦσ’	urn:cts:greekLit:tlg0006.tlg018.fu.sp:651.1.text.token.5		’πιοῦσ’
’πὶ	urn:cts:greekLit:tlg0006.tlg018.fu.sp:646.1.text.token.7	ἐπί	ἐπί
’πὶ	urn:cts:greekLit:tlg0006.tlg018.fu.sp:719.1.text.token.3	ἐπί	ἐπί
’πὶ	urn:cts:greekLit:tlg0006.tlg018.fu.sp:813.1.text.token.2	ἐπί	ἐπί
’πίτηδες	urn:cts:greekLit:tlg0006.tlg018.fu.sp:476.1.text.token.3		’πίτηδες
’τεκον	urn:cts:greekLit:tlg0006.tlg018.fu.sp:639.1.text.token.6		’τεκον
’φερον	urn:cts:greekLit:tlg0006.tlg018.fu.sp:307.1.text.token.9		’φερον
