Δαναοῖς	*danao/s	none-found	n-p---md-
Θερσίτης	*qersi/ths	none-found	n-s---mn-
Κεφαλλήν	*kefallh=nes	none-found	n-s----n-
Κεφαλλήν	*kefallh=nes	none-found	n-s----v-
Κεφαλλήνων	*kefallh=nes	none-found	n-p----g-
Λημνία	*lh/mnios	none-found	a-d---fn-
Λημνία	*lh/mnios	none-found	a-d---fv-
Λημνία	*lh/mnios	none-found	a-d---fa-
Λημνία	*lh/mnios	none-found	a-s---fn-
Λημνία	*lh/mnios	none-found	a-s---fv-
Λημνίῳ	*lh/mnios	none-found	a-s---md-
Λημνίῳ	*lh/mnios	none-found	a-s---nd-
Λυκομήδους	*lukomh/dhs	none-found	n-s---mg-
Μαλιάδων	*malia/des-pl	none-found	n-p---fg-
Οἰταίαν	*oi)tai=os	none-found	a-s---fa-
Οἰταίαν	oi)tai=os	none-found	a-s---fa-
Οἰταίου	*oi)tai=os	none-found	a-s---mg-
Οἰταίου	*oi)tai=os	none-found	a-s---ng-
Οἰταίου	oi)tai=os	none-found	a-s---mg-
Οἰταίου	oi)tai=os	none-found	a-s---ng-
Πακτωλόν	*paktwlo/s	none-found	n-s---ma-
Πεπάρηθον	*pepa/rhqos	none-found	n-s---ma-
Ποίαντι	*poi/as	none-found	n-s---md-
Ποίαντος	*poi/as	none-found	n-s---mg-
Πάριν	*pa/ris	none-found	n-s---ma-
Πύλιος	*pu/lios	none-found	a-s---mn-
Πύλιος	*pu/lios	none-found	n-s---mn-
Σκύρου	*sku/ras	none-found	n-s---mg-
Σπερχειοῦ	*sperxeio/s	none-found	n-s---mg-
Σπερχειόν	*sperxeio/s	none-found	n-s---ma-
Σίγειον	*si/geion	none-found	n-s---nn-
Σίγειον	*si/geion	none-found	n-s---nv-
Σίγειον	*si/geion	none-found	n-s---na-
Τεῦκρος	*teu=kros	none-found	n-s---mn-
Τραχινίαν	*traxi/nios	none-found	a-s---fa-
Φιλοκτήτην	*filokth/ths	none-found	n-s---ma-
Φιλοκτήτης	*filokth/ths	none-found	n-s---mn-
Φιλοκτήτου	*filokth/ths	none-found	n-s---mg-
Φιλοκτῆτ’	*filokth/ths	none-found	n-s---mv-
Φιλοκτῆτ’	*filokth/ths	none-found	n-s---mn-
Χρύσης	*xru/sh	none-found	n-s---fg-
Χρύσης	*xru/shs	none-found	n-s---mn-
βοᾷ	boei/h	none-found	n-s---fd-
βοῆς	boei/h	none-found	n-s---fg-
δοκῶ	doko/n	none-found	n-s---ng-
εὔνουν	eu)/nous	none-found	n-s---ma-
εὔνουν	eu)/nous	none-found	n-s---fa-
εὔνουν	eu)/nous	none-found	n-s---nn-
εὔνουν	eu)/nous	none-found	n-s---nv-
εὔνουν	eu)/nous	none-found	n-s---na-
εὔνους	eu)/nous	none-found	n-p---mn-
εὔνους	eu)/nous	none-found	n-p---fn-
εὔνους	eu)/nous	none-found	n-s---mn-
εὔνους	eu)/nous	none-found	n-s---mv-
εὔνους	eu)/nous	none-found	n-s---fn-
εὔνους	eu)/nous	none-found	n-s---fv-
εὔροον	e)u/rrous	none-found	n-s---ma-
εὔροον	e)u/rrous	none-found	n-s---fa-
εὔροον	e)u/rrous	none-found	n-s---nn-
εὔροον	e)u/rrous	none-found	n-s---nv-
εὔροον	e)u/rrous	none-found	n-s---na-
θανεῖν	qnh/skw	none-found	v--ana---
θανόντος	qnh/skw	none-found	v-sapamg-
θανόντος	qnh/skw	none-found	v-sapang-
θανών	qnh/skw	none-found	v-sapamn-
θνῄσκοντι	qnh/skw	none-found	v-sppamd-
θνῄσκοντι	qnh/skw	none-found	v-sppand-
θνῄσκοντι	qnh/skw	none-found	v3ppia---
θάνοις	qnh/skw	none-found	v2saoa---
θάνωσι	qnh/skw	none-found	v3pasa---
θάνωσιν	qnh/skw	none-found	v3pasa---
κακῆς	kaka/zw	none-found	v2sfia---
κακῇ	kaka/zw	none-found	v2sfim---
κακῇ	kaka/zw	none-found	v3sfia---
κακῶν	kaka/zw	none-found	v-sfpamv-
κακῶν	kaka/zw	none-found	v-sfpann-
κακῶν	kaka/zw	none-found	v-sfpanv-
κακῶν	kaka/zw	none-found	v-sfpana-
κακῶν	kaka/zw	none-found	v-sfpamn-
κακῷ	kaka/zw	none-found	v3sfoa---
καίτοι	kai/toi	none-found	g--------
κλεπτέον	klepte/os	none-found	n-s---ma-
κλεπτέον	klepte/os	none-found	n-s---fa-
κλεπτέον	klepte/os	none-found	n-s---nn-
κλεπτέον	klepte/os	none-found	n-s---nv-
κλεπτέον	klepte/os	none-found	n-s---na-
κωλύσει	kw/lu	none-found	n-d---fn-
κωλύσει	kw/lu	none-found	n-d---fv-
κωλύσει	kw/lu	none-found	n-d---fa-
κωλύσει	kw/lu	none-found	n-s---fd-
κωλύσει	kw/lu	none-found	n-s---fd-
κάτωθεν	kato/w	none-found	v3paip---
λῷσθ’	lw=|stos	none-found	a-p---nn-
λῷσθ’	lw=|stos	none-found	a-p---nv-
λῷσθ’	lw=|stos	none-found	a-p---na-
λῷσθ’	lw=|stos	none-found	a-s---mv-
λῷσθ’	lw=|stos	none-found	a-p---fn-
λῷσθ’	lw=|stos	none-found	a-p---fv-
λῷστε	lw=|stos	none-found	a-s---mv-
μάλισθ’	ma/lista	none-found	d--------
μάλιστα	ma/lista	none-found	d--------
μάλιστ’	ma/lista	none-found	d--------
ναυτικόν	nautiko/n	none-found	n-s---nn-
ναυτικόν	nautiko/n	none-found	n-s---nv-
ναυτικόν	nautiko/n	none-found	n-s---na-
ναυτικῷ	nautiko/n	none-found	n-s---nd-
νοσφιεῖς	nosfi/zomai	none-found	v2sfia---
νοσφίσας	nosfi/zomai	none-found	v-sapamn-
νοσφίσας	nosfi/zomai	none-found	v-sapamv-
οἰκτίραντες	oi)ktei/rw	none-found	v-papamn-
οἰκτίραντες	oi)ktei/rw	none-found	v-papamv-
οἰκτίρετε	oi)ktei/rw	none-found	v2ppma---
οἰκτίρετε	oi)ktei/rw	none-found	v2ppia---
οἰκτίρετε	oi)ktei/rw	none-found	v2pasa---
οἰκτίρετε	oi)ktei/rw	none-found	v2piia---
οἰκτίρω	oi)ktei/rw	none-found	v1spsa---
οἰκτίρω	oi)ktei/rw	none-found	v1spia---
οἰκτίρω	oi)ktei/rw	none-found	v1sasa---
οἰκτίρω	oi)ktei/rw	none-found	v2saim---
οἴκτιρέ	oi)ktei/rw	none-found	v2spma---
οἴκτιρέ	oi)ktei/rw	none-found	v3siia---
οἴκτιρέ	oi)ktei/rw	none-found	v3saia---
οἴκτιρ’	oi)ktei/rw	none-found	v2spma---
οἴκτιρ’	oi)ktei/rw	none-found	v2samm---
οἴκτιρ’	oi)ktei/rw	none-found	v1saia---
οἴκτιρ’	oi)ktei/rw	none-found	v3siia---
οἴκτιρ’	oi)ktei/rw	none-found	v3saia---
οὔθ’	ou)/ti	none-found	d--------
οὔτ’	ou)/ti	none-found	d--------
παμβῶτι	pambw=tis	none-found	n-s---fv-
παπαππαπαππαπαππαπαῖ	papappapappapappapai=	none-found	x--------
παππαπαππαπαῖ	pappapappapai=	none-found	x--------
παρέργῳ	pa/rergon	none-found	n-s---nd-
πειστέον	peiste/os	none-found	n-s---ma-
πειστέον	peiste/os	none-found	n-s---fa-
πειστέον	peiste/os	none-found	n-s---nn-
πειστέον	peiste/os	none-found	n-s---nv-
πειστέον	peiste/os	none-found	n-s---na-
πλάτῃ	pla/ths	none-found	n-s---md-
πονεῖ	pone/omai	none-found	v2spie---
ποτόν	poto/n	none-found	n-s---nn-
ποτόν	poto/n	none-found	n-s---nv-
ποτόν	poto/n	none-found	n-s---na-
προυφάνη	pro/-u(fana/w	none-found	v3siia---
προυφάνη	pro/-u(fana/w	none-found	v2spma---
προυφάνη	pro/-u(fana/w	none-found	v3siia---
προυφάνη	pro/-u(fana/w	none-found	v2spma---
προυφάνη	pro/-u(fana/w	none-found	v3siia---
προύφαινες	pro/-u(fai/nw	none-found	v2siia---
προύφαινες	pro/-u(fai/nw	none-found	v2siia---
προύχει	pro/-u(ssw	none-found	v3slia---
πάτρας	pa/trh	none-found	n-p---fa-
πάτρας	pa/trh	none-found	n-s---fg-
πέργαμα	peri/-game/w	none-found	v1saia---
πέργαμ’	peri/-game/w	none-found	v2samm---
πέργαμ’	peri/-game/w	none-found	v1saia---
πέργαμ’	peri/-game/w	none-found	v3saia---
σοφισθῆναι	sofi/zomai	none-found	v--ane---
σοῖς	se/w	none-found	v2spoa---
σοῦ	se/w	none-found	v2spme---
σοῦ	se/w	none-found	v2siie---
στρατοῦ	strata/w%	none-found	v2spme---
στρατῷ	strata/w%	none-found	v3spoa---
συνθνῄσκει	sunqnh/skw	none-found	v2spie---
συνθνῄσκει	sunqnh/skw	none-found	v3spia---
σωθῆναί	sw/zw	none-found	v--anp---
σάν	sa/n	none-found	x--------
σέβει	se/bos	none-found	n-d---nn-
σέβει	se/bos	none-found	n-d---nv-
σέβει	se/bos	none-found	n-d---na-
σέβει	se/bos	none-found	n-s---nd-
σέβει	se/bos	none-found	n-s---nd-
σέβει	se/bw	none-found	v3spia---
σύνηθες	su/n-h)qe/w	none-found	v2siia---
σώσουσ’	sw/zw	none-found	v-sfpafn-
σώσουσ’	sw/zw	none-found	v-sfpafv-
σώσουσ’	sw/zw	none-found	v3pasa---
σώσουσ’	sw/zw	none-found	v-pfpamd-
σώσουσ’	sw/zw	none-found	v-pfpand-
σώσουσ’	sw/zw	none-found	v3pfia---
σώσουσ’	sw/zw	none-found	v-pfpafn-
σώσουσ’	sw/zw	none-found	v-pfpafv-
σῆς	se/w	none-found	v2spia---
σῆς	se/w	none-found	v2siia---
σῇ	se/w	none-found	v2spse---
σῇ	se/w	none-found	v2spie---
σῇ	se/w	none-found	v3spsa---
σῴζει	sw/zw	none-found	v2spie---
σῴζει	sw/zw	none-found	v3spia---
σῴζεις	sw/zw	none-found	v2spia---
σῴζοιεν	sw/zw	none-found	v3ppoa---
σῶν	se/w	none-found	v-sppamn-
σῶσαι	sw/zw	none-found	v2samm---
σῶσαι	sw/zw	none-found	v--ana---
σῶσαί	sw/zw	none-found	v2samm---
σῶσαί	sw/zw	none-found	v--ana---
σῶσον	sw/zw	none-found	v2sama---
σῶσον	sw/zw	none-found	v-sfpamv-
σῶσον	sw/zw	none-found	v-sfpann-
σῶσον	sw/zw	none-found	v-sfpanv-
σῶσον	sw/zw	none-found	v-sfpana-
σῷζ’	sw/zw	none-found	v2spma---
σῷζ’	sw/zw	none-found	v3siia---
ταύτῃ	tau/th|	none-found	d--------
τεθνηκότων	qnh/skw	none-found	v-prpamg-
τεθνηκότων	qnh/skw	none-found	v-prpang-
τεθνηκώς	qnh/skw	none-found	v-srpamn-
τεθνηκώς	qnh/skw	none-found	v-srpamv-
τεθνᾶσ’	qnh/skw	none-found	v3pria---
τοὔργον	e)/rgnumi	none-found	v-sppamv-
τοὔργον	e)/rgnumi	none-found	v-sppann-
τοὔργον	e)/rgnumi	none-found	v-sppanv-
τοὔργον	e)/rgnumi	none-found	v-sppana-
τἄπορον	po/rw	none-found	v3paia---
τἄπορον	po/rw	none-found	v1saia---
τάχιστα	ta/xistos	none-found	a-p---nn-
τάχιστα	ta/xistos	none-found	a-p---nv-
τάχιστα	ta/xistos	none-found	a-p---na-
τέθνηκεν	qnh/skw	none-found	v3sria---
τέθνηκεν	qnh/skw	none-found	v3plia---
τέθνηχ’	qnh/skw	none-found	v1sria---
τέθνηχ’	qnh/skw	none-found	v2srma---
τέθνηχ’	qnh/skw	none-found	v3sria---
τῇδε	th=|de	none-found	d--------
τῇδ’	th=|de	none-found	d--------
χολωθείς	xolo/omai	none-found	v-sapemn-
χολωθείς	xolo/omai	none-found	v-sapemv-
ἀνέμων	a)nemo/w	none-found	v3piia---
ἀνέμων	a)nemo/w	none-found	v1siia---
ἀνέμων	a)nemo/w	none-found	v3piia---
ἀνέμων	a)nemo/w	none-found	v1siia---
ἀφιγμένοις	a)fi/zw	none-found	v-prpemd-
ἀφιγμένοις	a)fi/zw	none-found	v-prpend-
ἄλλου	a)/llou	none-found	d--------
ἄρσην	a)/rshs	none-found	n-s---ma-
Ἀντίλοχος	*)anti/loxos	none-found	n-s---mn-
Ἀσκληπίδαιν	*)asklhpi/dhs	none-found	n-d---mg-
Ἀσκληπίδαιν	*)asklhpi/dhs	none-found	n-d---md-
Ἀσκληπίδαιν	*)asklhpia/dai	none-found	n-d---mg-
Ἀσκληπίδαιν	*)asklhpia/dai	none-found	n-d---md-
Ἀτρέως	*)atreu/s	none-found	n-s---mg-
Ἀτρέως	*)atreu/s	none-found	n-s---mg-
Ἀτρέως	*)atreu/s	none-found	n-s---mn-
ἐπηυδώμαν	e)pauda/omai	none-found	v1siie---
ἐπέσχον	e)pw/xato	none-found	v3paia---
ἐπέσχον	e)pw/xato	none-found	v1saia---
ἐπίσχετον	e)pw/xato	none-found	v2dama---
ἐπίσχετον	e)pw/xato	none-found	v2daia---
ἐπίσχωμεν	e)pw/xato	none-found	v1pasa---
ἐρῶ	e)ra/omai	none-found	v2spme---
ἐρῶ	e)ra/omai	none-found	v2siie---
ἐφήμενος	e)pi/-h(=mai	none-found	v-srpmmn-
ἐχθρῶν	e)/xqrh	none-found	n-p---fg-
ἔξεσθ’	e)/ssomai	none-found	v2pfie---
ἔξεσθ’	e)/ssomai	none-found	v--fne---
ἔξω	e)/ssomai	none-found	v2saie---
ἔργον	e)/rgnumi	none-found	v-sppamv-
ἔργον	e)/rgnumi	none-found	v-sppann-
ἔργον	e)/rgnumi	none-found	v-sppanv-
ἔργον	e)/rgnumi	none-found	v-sppana-
ἔσει	se/w	none-found	v3siia---
ἔσχατ’	sxa/w	none-found	v3slie---
ἔσχατ’	sxa/w	none-found	v3srie---
ἔσωσα	sw/zw	none-found	v1saia---
Ἕλενος	*(/elenos	none-found	n-s---mn-
Ἡρακλέους	*(hrakle/os	none-found	n-p---ma-
ἰδεῖν	i)de/w	none-found	v--pna---
ἰδοίμαν	i)de/w	none-found	v1spoe---
ἴσχ’	i)/ske	none-found	v3saia---
ὅλης	o(/loc	none-found	a-s---fg-
ὑπέδυ	u(podu/omai	none-found	v3saia---
’τολμήσατ’	a)tolma/w	none-found	v3saim---
’τολμήσατ’	a)tolma/w	none-found	v2pama---
’τολμήσατ’	a)tolma/w	none-found	v2paia---
’τολμήσατ’	a)tolma/w	none-found	v3saim---
’τολμήσατ’	a)tolma/w	none-found	v2paia---
